date,weekday,holiday,scheduled_open,ros_opened,appointment_ros,walk_in_ros,voided_ros,billed_hours,avg_billed_hours_per_ro,jobs,customer_pay_ros,warranty_ros,internal_ros,oil_change_ros,comeback_ros
2024-01-02,Tuesday,,1,72,67,5,0,190.3,2.64,284,53,25,28,0,0
2024-01-03,Wednesday,,1,81,61,20,3,201.3,2.49,271,47,18,50,0,0
2024-01-04,Thursday,,1,71,64,7,0,214,3.01,251,43,24,35,0,0
2024-01-05,Friday,,1,87,74,13,0,179.3,2.06,285,56,21,40,0,0
2024-01-06,Saturday,,0,0,0,0,0,0,,0,0,0,0,0,0
2024-01-07,Sunday,,0,0,0,0,0,0,,0,0,0,0,0,0
2024-01-08,Monday,,1,64,55,9,0,179.9,2.81,239,39,15,36,0,0
2024-01-09,Tuesday,,1,70,48,22,0,162.1,2.32,214,32,13,44,0,0
2024-01-10,Wednesday,,1,67,61,6,0,165,2.46,255,42,23,38,0,0
2024-01-11,Thursday,,1,67,63,4,0,168.5,2.51,277,44,21,36,0,0
2024-01-12,Friday,,1,83,71,12,0,193.3,2.33,295,49,29,43,0,0
2024-01-13,Saturday,,0,0,0,0,0,0,,0,0,0,0,0,0
2024-01-14,Sunday,,0,0,0,0,0,0,,0,0,0,0,0,0
2024-01-15,Monday,,1,107,98,9,0,287.1,2.68,433,66,43,50,0,0
2024-01-16,Tuesday,,1,89,80,9,0,267.7,3.01,306,60,22,36,0,0
2024-01-17,Wednesday,,1,84,78,6,0,184.9,2.2,332,53,26,40,0,1
2024-01-18,Thursday,,1,82,77,5,1,163.8,2,318,52,28,41,0,1
2024-01-19,Friday,,1,89,75,14,1,209.4,2.35,316,53,22,50,0,0
2024-01-20,Saturday,,0,0,0,0,0,0,,0,0,0,0,0,0
2024-01-21,Sunday,,0,0,0,0,0,0,,0,0,0,0,0,0
2024-01-22,Monday,,1,97,85,12,0,287.9,2.97,382,63,30,44,0,1
2024-01-23,Tuesday,,1,83,66,17,3,193.9,2.34,294,47,16,50,0,0
2024-01-24,Wednesday,,1,66,57,9,1,133.9,2.03,228,37,16,42,0,0
2024-01-25,Thursday,,1,73,62,11,0,210.6,2.88,270,46,17,37,0,0
2024-01-26,Friday,,1,84,72,12,2,135.8,1.62,287,52,18,54,0,0
2024-01-27,Saturday,,0,0,0,0,0,0,,0,0,0,0,0,0
2024-01-28,Sunday,,0,0,0,0,0,0,,0,0,0,0,0,0
2024-01-29,Monday,,1,88,59,29,4,214.6,2.44,314,49,16,51,0,0
2024-01-30,Tuesday,,1,80,63,17,2,259.2,3.24,334,47,17,47,0,0
2024-01-31,Wednesday,,1,78,51,27,2,156.2,2,237,41,14,59,0,0
2024-02-01,Thursday,,1,75,60,15,0,148.1,1.97,248,43,17,45,0,0
2024-02-02,Friday,,1,68,58,10,2,187.6,2.76,218,48,18,36,0,0
2024-02-03,Saturday,,0,0,0,0,0,0,,0,0,0,0,0,0
2024-02-04,Sunday,,0,0,0,0,0,0,,0,0,0,0,0,0
2024-02-05,Monday,,1,66,56,10,1,213,3.23,257,44,16,37,0,0
2024-02-06,Tuesday,,1,55,46,9,0,105.9,1.93,169,30,14,32,0,0
2024-02-07,Wednesday,,1,67,47,20,1,110.4,1.65,203,35,12,44,0,0
2024-02-08,Thursday,,1,56,50,6,0,148.4,2.65,175,40,10,23,0,0
2024-02-09,Friday,,1,89,73,16,2,246.6,2.77,317,63,26,43,0,0
2024-02-10,Saturday,,0,4,0,4,2,1.6,0.4,3,2,0,4,0,0
2024-02-11,Sunday,,0,0,0,0,0,0,,0,0,0,0,0,0
2024-02-12,Monday,,1,76,66,10,1,184.4,2.43,264,47,23,42,0,0
2024-02-13,Tuesday,,1,61,58,3,0,160.7,2.63,238,45,21,32,0,0
2024-02-14,Wednesday,,1,52,41,11,0,117.2,2.25,188,30,13,32,0,0
2024-02-15,Thursday,,1,42,36,6,0,147.4,3.51,174,28,11,23,0,0
2024-02-16,Friday,,1,59,55,4,0,153.2,2.6,188,38,17,30,0,0
2024-02-17,Saturday,,0,4,0,4,0,0,0,7,0,0,4,0,0
2024-02-18,Sunday,,0,0,0,0,0,0,,0,0,0,0,0,0
2024-02-19,Monday,,1,81,60,21,0,245.7,3.03,332,44,24,52,0,0
2024-02-20,Tuesday,,1,56,45,11,1,169.2,3.02,226,36,15,26,0,0
2024-02-21,Wednesday,,1,55,50,5,0,133.5,2.43,192,29,17,36,0,0
2024-02-22,Thursday,,1,66,56,10,0,169.7,2.57,247,37,24,37,0,0
2024-02-23,Friday,,1,72,56,16,2,147.3,2.05,255,50,17,46,0,0
2024-02-24,Saturday,,0,1,0,1,0,4,4,3,0,1,1,0,0
2024-02-25,Sunday,,0,0,0,0,0,0,,0,0,0,0,0,0
2024-02-26,Monday,,1,76,67,9,1,163.9,2.16,241,48,24,45,0,0
2024-02-27,Tuesday,,1,67,52,15,0,152.3,2.27,215,36,19,43,0,0
2024-02-28,Wednesday,,1,52,46,6,0,209.4,4.03,219,29,21,32,0,0
2024-02-29,Thursday,,1,76,65,11,0,209.2,2.75,269,49,15,48,0,0
2024-03-01,Friday,,1,53,49,4,0,141.5,2.67,186,32,14,30,0,0
2024-03-02,Saturday,,0,3,0,3,0,4.8,1.6,3,0,0,3,0,0
2024-03-03,Sunday,,0,0,0,0,0,0,,0,0,0,0,0,0
2024-03-04,Monday,,1,83,79,4,0,244.1,2.94,347,59,26,47,0,0
2024-03-05,Tuesday,,1,68,56,12,0,106.6,1.57,211,38,15,43,0,0
2024-03-06,Wednesday,,1,74,65,9,4,172.3,2.33,273,57,25,45,0,0
2024-03-07,Thursday,,1,66,57,9,0,169.5,2.57,231,43,15,32,0,0
2024-03-08,Friday,,1,79,70,9,0,217.8,2.76,274,55,21,39,0,0
2024-03-09,Saturday,,0,6,0,6,0,9.6,1.6,6,0,0,6,0,0
2024-03-10,Sunday,,0,0,0,0,0,0,,0,0,0,0,0,0
2024-03-11,Monday,,1,55,43,12,0,154,2.8,209,32,15,32,0,0
2024-03-12,Tuesday,,1,70,59,11,1,190.4,2.72,254,46,15,41,0,0
2024-03-13,Wednesday,,1,46,45,1,1,139.8,3.04,181,35,18,24,0,0
2024-03-14,Thursday,,1,79,68,11,1,188.1,2.38,292,53,15,43,0,0
2024-03-15,Friday,,1,80,71,9,0,172,2.15,252,52,19,41,0,0
2024-03-16,Saturday,,0,1,0,1,0,1.1,1.1,1,0,0,1,0,0
2024-03-17,Sunday,,0,0,0,0,0,0,,0,0,0,0,0,0
2024-03-18,Monday,,1,77,57,20,0,250.9,3.26,337,47,26,42,0,0
2024-03-19,Tuesday,,1,74,67,7,0,215,2.91,279,54,19,37,0,0
2024-03-20,Wednesday,,1,60,52,8,0,157.9,2.63,233,42,13,25,0,0
2024-03-21,Thursday,,1,78,59,19,2,188.2,2.41,242,47,17,41,0,0
2024-03-22,Friday,,1,69,60,9,1,172.5,2.5,261,41,19,46,0,0
2024-03-23,Saturday,,0,3,0,3,0,4.8,1.6,3,0,0,3,0,0
2024-03-24,Sunday,,0,0,0,0,0,0,,0,0,0,0,0,0
2024-03-25,Monday,,1,59,50,9,3,187.5,3.18,240,42,17,34,0,0
2024-03-26,Tuesday,,1,45,40,5,0,117.2,2.6,168,29,13,23,0,0
2024-03-27,Wednesday,,1,61,52,9,0,187.9,3.08,235,38,19,39,0,0
2024-03-28,Thursday,,1,76,62,14,0,230.1,3.03,273,46,25,44,0,0
2024-03-29,Friday,,1,90,81,9,0,233.8,2.6,317,63,22,50,0,1
2024-03-30,Saturday,,0,7,0,7,0,11.2,1.6,7,0,0,7,0,0
2024-03-31,Sunday,,0,0,0,0,0,0,,0,0,0,0,0,0
2024-04-01,Monday,,1,78,72,6,0,203.3,2.61,304,53,27,45,0,0
2024-04-02,Tuesday,,1,80,72,8,0,177.9,2.22,261,55,26,35,0,0
2024-04-03,Wednesday,,1,75,70,5,0,191.2,2.55,311,55,33,34,0,0
2024-04-04,Thursday,,1,94,77,17,2,163.4,1.74,296,61,35,51,0,0
2024-04-05,Friday,,1,97,95,2,0,253.7,2.62,360,70,50,43,0,0
2024-04-06,Saturday,,0,3,0,3,1,3.2,1.07,2,1,0,3,0,0
2024-04-07,Sunday,,0,0,0,0,0,0,,0,0,0,0,0,0
2024-04-08,Monday,,1,99,91,8,1,260.3,2.63,357,63,43,52,0,0
2024-04-09,Tuesday,,1,92,71,21,2,205.5,2.23,328,56,36,53,0,0
2024-04-10,Wednesday,,1,89,83,6,0,208.8,2.35,336,68,39,42,0,0
2024-04-11,Thursday,,1,77,64,13,2,179.9,2.34,269,49,27,43,0,0
2024-04-12,Friday,,1,91,86,5,0,223.3,2.45,349,69,38,38,0,0
2024-04-13,Saturday,,0,3,0,3,0,4.8,1.6,3,0,0,3,0,0
2024-04-14,Sunday,,0,0,0,0,0,0,,0,0,0,0,0,0
2024-04-15,Monday,,1,99,86,13,2,267.9,2.71,401,70,29,47,0,0
2024-04-16,Tuesday,,1,78,73,5,0,170.2,2.18,279,63,28,33,0,0
2024-04-17,Wednesday,,1,70,63,7,0,204.5,2.92,281,51,29,40,0,0
2024-04-18,Thursday,,1,90,74,16,1,224.2,2.49,365,54,20,54,0,0
2024-04-19,Friday,,1,89,83,6,2,245.6,2.76,346,66,27,40,0,0
2024-04-20,Saturday,,0,1,0,1,0,1.6,1.6,1,0,0,1,0,0
2024-04-21,Sunday,,0,0,0,0,0,0,,0,0,0,0,0,0
2024-04-22,Monday,,1,69,64,5,1,221.2,3.21,270,52,23,34,0,0
2024-04-23,Tuesday,,1,87,78,9,2,247.5,2.84,331,63,28,43,0,0
2024-04-24,Wednesday,,1,67,62,5,0,238.4,3.56,275,54,11,27,0,0
2024-04-25,Thursday,,1,83,72,11,0,214.4,2.58,324,57,24,46,0,1
2024-04-26,Friday,,1,87,68,19,0,276.3,3.18,316,59,24,44,0,0
2024-04-27,Saturday,,0,1,0,1,0,2,2,1,0,0,1,0,0
2024-04-28,Sunday,,0,0,0,0,0,0,,0,0,0,0,0,0
2024-04-29,Monday,,1,85,67,18,5,283.8,3.34,353,59,30,48,0,0
2024-04-30,Tuesday,,1,93,69,24,2,242.5,2.61,316,58,17,63,0,0
2024-05-01,Wednesday,,1,74,65,9,0,217.2,2.94,306,51,23,34,0,0
2024-05-02,Thursday,,1,68,55,13,1,186.3,2.74,254,48,15,37,0,0
2024-05-03,Friday,,1,61,60,1,0,164.6,2.7,228,47,14,27,0,0
2024-05-04,Saturday,,0,12,0,12,0,3.2,0.27,16,0,0,12,0,0
2024-05-05,Sunday,,0,0,0,0,0,0,,0,0,0,0,0,0
2024-05-06,Monday,,1,84,62,22,0,172.3,2.05,343,49,23,53,0,0
2024-05-07,Tuesday,,1,77,66,11,0,175.5,2.28,287,61,20,32,0,0
2024-05-08,Wednesday,,1,72,64,8,0,175.4,2.44,244,49,30,37,0,1
2024-05-09,Thursday,,1,87,73,14,1,176.4,2.03,305,62,30,38,0,0
2024-05-10,Friday,,1,78,66,12,0,153.3,1.97,279,50,27,38,0,0
2024-05-11,Saturday,,0,9,0,9,2,11.2,1.24,7,2,0,9,0,0
2024-05-12,Sunday,,0,0,0,0,0,0,,0,0,0,0,0,0
2024-05-13,Monday,,1,88,78,10,0,182.7,2.08,312,60,26,46,0,1
2024-05-14,Tuesday,,1,88,72,16,0,235.2,2.67,301,55,27,41,0,0
2024-05-15,Wednesday,,1,75,64,11,1,197.3,2.63,276,49,24,40,0,0
2024-05-16,Thursday,,1,76,67,9,1,185.8,2.44,269,54,18,33,0,0
2024-05-17,Friday,,1,74,68,6,0,192.2,2.6,269,57,28,35,0,0
2024-05-18,Saturday,,0,2,0,2,0,3.2,1.6,2,0,0,2,0,0
2024-05-19,Sunday,,0,0,0,0,0,0,,0,0,0,0,0,0
2024-05-20,Monday,,1,74,62,12,0,225.2,3.04,329,51,16,39,0,0
2024-05-21,Tuesday,,1,66,65,1,2,185.3,2.81,247,56,23,23,0,0
2024-05-22,Wednesday,,1,93,79,14,2,232.7,2.5,361,64,23,43,0,0
2024-05-23,Thursday,,1,81,73,8,0,208.3,2.57,302,56,18,44,0,0
2024-05-24,Friday,,1,87,69,18,3,137.5,1.58,266,56,20,41,0,0
2024-05-25,Saturday,,0,0,0,0,0,0,,0,0,0,0,0,0
2024-05-26,Sunday,,0,0,0,0,0,0,,0,0,0,0,0,0
2024-05-27,Monday,Memorial Day,0,0,0,0,0,0,,0,0,0,0,0,0
2024-05-28,Tuesday,,1,87,77,10,1,227.9,2.62,338,63,25,46,0,0
2024-05-29,Wednesday,,1,81,69,12,0,229.7,2.84,348,57,30,36,0,0
2024-05-30,Thursday,,1,78,67,11,0,222.8,2.86,312,56,26,37,0,0
2024-05-31,Friday,,1,82,70,12,0,159.9,1.95,303,57,19,41,0,0
2024-06-01,Saturday,,0,11,0,11,1,16,1.45,10,1,1,10,0,0
2024-06-02,Sunday,,0,0,0,0,0,0,,0,0,0,0,0,0
2024-06-03,Monday,,1,74,71,3,0,265.9,3.59,299,55,29,36,0,0
2024-06-04,Tuesday,,1,80,65,15,3,219.1,2.74,279,58,23,42,0,0
2024-06-05,Wednesday,,1,72,66,6,1,245.1,3.4,281,54,27,29,0,0
2024-06-06,Thursday,,1,69,63,6,1,181.6,2.63,261,54,21,28,0,0
2024-06-07,Friday,,1,89,75,14,0,241.1,2.71,323,59,31,37,0,0
2024-06-08,Saturday,,0,0,0,0,0,0,,0,0,0,0,0,0
2024-06-09,Sunday,,0,0,0,0,0,0,,0,0,0,0,0,0
2024-06-10,Monday,,1,121,86,35,2,252.4,2.09,375,61,48,55,0,0
2024-06-11,Tuesday,,1,110,77,33,2,290.9,2.64,377,60,58,40,0,0
2024-06-12,Wednesday,,1,86,74,12,4,147.2,1.71,267,50,23,40,0,0
2024-06-13,Thursday,,1,90,71,19,0,249.8,2.78,337,55,29,48,0,0
2024-06-14,Friday,,1,74,74,0,0,220.9,2.99,285,62,18,27,0,0
2024-06-15,Saturday,,0,3,0,3,0,4.8,1.6,4,0,0,3,0,0
2024-06-16,Sunday,,0,0,0,0,0,0,,0,0,0,0,0,0
2024-06-17,Monday,,1,104,81,23,2,275.9,2.65,394,63,23,54,0,0
2024-06-18,Tuesday,,1,72,54,18,2,202.1,2.81,265,43,18,41,0,0
2024-06-19,Wednesday,,1,88,78,10,2,268.5,3.05,367,67,22,40,0,0
2024-06-20,Thursday,,1,90,67,23,1,216.7,2.41,323,53,24,54,0,0
2024-06-21,Friday,,1,68,63,5,2,120.3,1.77,219,51,16,28,0,0
2024-06-22,Saturday,,0,4,0,4,0,5,1.25,5,0,1,4,0,0
2024-06-23,Sunday,,0,0,0,0,0,0,,0,0,0,0,0,0
2024-06-24,Monday,,1,79,69,10,0,225,2.85,311,55,26,37,0,0
2024-06-25,Tuesday,,1,93,76,17,0,256.7,2.76,359,64,29,46,0,0
2024-06-26,Wednesday,,1,82,76,6,2,262.8,3.2,316,63,28,30,0,0
2024-06-27,Thursday,,1,80,68,12,0,205.4,2.57,322,53,29,39,0,0
2024-06-28,Friday,,1,70,59,11,1,271.1,3.87,339,50,29,29,0,0
2024-06-29,Saturday,,0,4,0,4,0,0,0,7,0,0,4,0,0
2024-06-30,Sunday,,0,0,0,0,0,0,,0,0,0,0,0,0
2024-07-01,Monday,,1,86,76,10,1,247.4,2.88,370,57,25,46,0,0
2024-07-02,Tuesday,,1,86,72,14,0,248.2,2.89,317,63,22,39,0,1
2024-07-03,Wednesday,,1,87,77,10,4,224.7,2.58,284,56,28,42,0,1
2024-07-04,Thursday,Independence Day,0,0,0,0,0,0,,0,0,0,0,0,0
2024-07-05,Friday,,1,88,74,14,0,222.2,2.52,305,57,19,41,0,0
2024-07-06,Saturday,,0,0,0,0,0,0,,0,0,0,0,0,0
2024-07-07,Sunday,,0,0,0,0,0,0,,0,0,0,0,0,0
2024-07-08,Monday,,1,96,78,18,0,287.9,3,382,59,25,53,0,1
2024-07-09,Tuesday,,1,79,68,11,0,172.4,2.18,275,56,18,36,0,0
2024-07-10,Wednesday,,1,83,69,14,1,216.5,2.61,341,58,22,42,0,0
2024-07-11,Thursday,,1,79,63,16,0,178.8,2.26,267,49,19,39,0,0
2024-07-12,Friday,,1,86,75,11,0,204.2,2.37,271,60,20,38,0,0
2024-07-13,Saturday,,0,11,0,11,0,17.6,1.6,11,0,0,11,0,0
2024-07-14,Sunday,,0,0,0,0,0,0,,0,0,0,0,0,0
2024-07-15,Monday,,1,91,79,12,0,248.6,2.73,332,55,32,46,0,0
2024-07-16,Tuesday,,1,76,63,13,0,171.6,2.26,282,49,14,37,0,0
2024-07-17,Wednesday,,1,73,61,12,0,167.5,2.29,267,48,18,38,0,0
2024-07-18,Thursday,,1,69,60,9,0,260.3,3.77,256,48,18,32,0,0
2024-07-19,Friday,,1,105,80,25,0,256.3,2.44,383,68,27,55,0,0
2024-07-20,Saturday,,0,0,0,0,0,0,,0,0,0,0,0,0
2024-07-21,Sunday,,0,0,0,0,0,0,,0,0,0,0,0,0
2024-07-22,Monday,,1,91,79,12,0,232.6,2.56,339,60,23,43,0,0
2024-07-23,Tuesday,,1,86,78,8,1,244.3,2.84,299,64,27,34,0,0
2024-07-24,Wednesday,,1,73,66,7,0,157.9,2.16,281,58,18,32,0,0
2024-07-25,Thursday,,1,62,54,8,0,123.5,1.99,209,39,15,29,0,0
2024-07-26,Friday,,1,71,64,7,1,228.3,3.22,261,56,26,26,0,0
2024-07-27,Saturday,,0,9,0,9,0,0,0,11,0,0,9,0,0
2024-07-28,Sunday,,0,0,0,0,0,0,,0,0,0,0,0,0
2024-07-29,Monday,,1,91,67,24,1,226.5,2.49,319,59,25,40,0,0
2024-07-30,Tuesday,,1,86,70,16,1,198.8,2.31,317,61,19,45,0,0
2024-07-31,Wednesday,,1,92,66,26,0,268.2,2.92,326,55,23,50,0,0
2024-08-01,Thursday,,1,68,59,9,0,212.4,3.12,287,46,18,27,0,0
2024-08-02,Friday,,1,77,63,14,1,176.2,2.29,272,46,27,41,0,0
2024-08-03,Saturday,,0,2,0,2,0,3.2,1.6,2,0,0,2,0,0
2024-08-04,Sunday,,0,0,0,0,0,0,,0,0,0,0,0,0
2024-08-05,Monday,,1,82,73,9,1,220.1,2.68,289,60,22,30,0,0
2024-08-06,Tuesday,,1,76,63,13,3,172,2.26,254,46,19,37,0,0
2024-08-07,Wednesday,,1,81,70,11,1,196.5,2.43,310,53,19,40,0,0
2024-08-08,Thursday,,1,110,84,26,1,259.1,2.36,342,69,32,50,0,0
2024-08-09,Friday,,1,83,72,11,2,198.3,2.39,287,61,28,37,0,0
2024-08-10,Saturday,,0,0,0,0,0,0,,0,0,0,0,0,0
2024-08-11,Sunday,,0,0,0,0,0,0,,0,0,0,0,0,0
2024-08-12,Monday,,1,100,82,18,1,276.6,2.77,366,64,28,48,0,0
2024-08-13,Tuesday,,1,75,64,11,2,168.1,2.24,283,48,17,38,0,0
2024-08-14,Wednesday,,1,63,60,3,0,175.7,2.79,255,46,27,22,0,0
2024-08-15,Thursday,,1,78,71,7,1,163.2,2.09,258,54,14,37,0,0
2024-08-16,Friday,,1,73,71,2,0,218.1,2.99,278,59,22,24,0,0
2024-08-17,Saturday,,0,1,0,1,0,1.6,1.6,1,0,0,1,0,0
2024-08-18,Sunday,,0,0,0,0,0,0,,0,0,0,0,0,0
2024-08-19,Monday,,1,65,58,7,0,233.4,3.59,254,43,20,29,0,0
2024-08-20,Tuesday,,1,78,62,16,1,183,2.35,288,53,16,36,0,0
2024-08-21,Wednesday,,1,65,52,13,1,202.5,3.12,252,42,19,40,0,0
2024-08-22,Thursday,,1,94,76,18,0,203.8,2.17,314,62,22,43,0,1
2024-08-23,Friday,,1,101,84,17,1,260.6,2.58,329,63,24,47,0,0
2024-08-24,Saturday,,0,0,0,0,0,0,,0,0,0,0,0,0
2024-08-25,Sunday,,0,0,0,0,0,0,,0,0,0,0,0,0
2024-08-26,Monday,,1,82,67,15,1,236.7,2.89,321,53,12,38,0,0
2024-08-27,Tuesday,,1,77,59,18,1,230.4,2.99,302,51,22,37,0,0
2024-08-28,Wednesday,,1,79,59,20,1,198.6,2.51,241,46,16,45,0,0
2024-08-29,Thursday,,1,76,54,22,1,156,2.05,228,46,17,40,0,0
2024-08-30,Friday,,1,81,66,15,2,201.7,2.49,283,58,20,36,0,0
2024-08-31,Saturday,,0,0,0,0,0,0,,0,0,0,0,0,0
2024-09-01,Sunday,,0,0,0,0,0,0,,0,0,0,0,0,0
2024-09-02,Monday,Labor Day,0,0,0,0,0,0,,0,0,0,0,0,0
2024-09-03,Tuesday,,1,85,63,22,1,155.5,1.83,267,46,17,46,0,0
2024-09-04,Wednesday,,1,82,71,11,3,234.1,2.85,295,65,19,39,0,0
2024-09-05,Thursday,,1,68,59,9,1,120.4,1.77,201,43,13,34,0,0
2024-09-06,Friday,,1,70,67,3,1,179.4,2.56,248,55,15,26,0,0
2024-09-07,Saturday,,0,4,0,4,0,0,0,8,0,0,4,0,0
2024-09-08,Sunday,,0,1,0,1,0,3.6,3.6,9,0,0,1,0,0
2024-09-09,Monday,,1,98,90,8,1,267.9,2.73,352,69,26,39,0,0
2024-09-10,Tuesday,,1,78,69,9,0,234.6,3.01,336,55,21,41,0,0
2024-09-11,Wednesday,,1,78,71,7,2,198.3,2.54,301,66,21,33,0,0
2024-09-12,Thursday,,1,78,65,13,1,213.7,2.74,282,57,25,38,0,0
2024-09-13,Friday,,1,74,61,13,0,148,2,264,52,16,36,0,0
2024-09-14,Saturday,,0,4,0,4,0,6.2,1.55,4,0,0,4,0,0
2024-09-15,Sunday,,0,0,0,0,0,0,,0,0,0,0,0,0
2024-09-16,Monday,,1,81,66,15,1,266.1,3.29,334,63,23,36,0,0
2024-09-17,Tuesday,,1,59,54,5,0,176.6,2.99,237,49,14,16,0,0
2024-09-18,Wednesday,,1,75,67,8,1,183.9,2.45,271,59,28,30,0,0
2024-09-19,Thursday,,1,66,59,7,1,174.5,2.64,234,47,20,28,0,0
2024-09-20,Friday,,1,70,63,7,0,143,2.04,242,51,21,31,0,0
2024-09-21,Saturday,,0,1,0,1,0,1.6,1.6,1,0,0,1,0,0
2024-09-22,Sunday,,0,0,0,0,0,0,,0,0,0,0,0,0
2024-09-23,Monday,,1,77,71,6,1,240.7,3.13,346,55,24,31,0,0
2024-09-24,Tuesday,,1,72,67,5,0,226.5,3.15,312,57,16,22,0,0
2024-09-25,Wednesday,,1,74,71,3,0,192.1,2.6,300,52,15,35,0,0
2024-09-26,Thursday,,1,63,63,0,0,207.7,3.3,260,43,12,29,0,0
2024-09-27,Friday,,1,85,69,16,0,181.6,2.14,304,51,22,45,0,0
2024-09-28,Saturday,,0,0,0,0,0,0,,0,0,0,0,0,0
2024-09-29,Sunday,,0,0,0,0,0,0,,0,0,0,0,0,0
2024-09-30,Monday,,1,84,81,3,0,276.8,3.3,363,54,19,41,0,0
2024-10-01,Tuesday,,1,81,72,9,0,205.4,2.54,326,56,18,38,0,0
2024-10-02,Wednesday,,1,70,60,10,1,185.4,2.65,270,51,18,26,0,0
2024-10-03,Thursday,,1,68,62,6,0,208.9,3.07,289,60,21,21,0,0
2024-10-04,Friday,,1,93,78,15,0,174.1,1.87,291,59,17,41,0,0
2024-10-05,Saturday,,0,0,0,0,0,0,,0,0,0,0,0,0
2024-10-06,Sunday,,0,0,0,0,0,0,,0,0,0,0,0,0
2024-10-07,Monday,,1,89,75,14,0,270.6,3.04,375,62,25,44,0,0
2024-10-08,Tuesday,,1,68,65,3,0,136.9,2.01,272,55,16,26,0,0
2024-10-09,Wednesday,,1,81,67,14,1,165.8,2.05,293,56,22,44,0,0
2024-10-10,Thursday,,1,66,64,2,1,180.7,2.74,262,54,13,23,0,0
2024-10-11,Friday,,1,88,72,16,0,214.2,2.43,326,65,19,37,0,0
2024-10-12,Saturday,,0,0,0,0,0,0,,0,0,0,0,0,0
2024-10-13,Sunday,,0,0,0,0,0,0,,0,0,0,0,0,0
2024-10-14,Monday,,1,87,75,12,3,220,2.53,333,67,26,33,0,0
2024-10-15,Tuesday,,1,72,65,7,3,186.6,2.59,282,56,15,30,0,0
2024-10-16,Wednesday,,1,71,62,9,0,137.1,1.93,287,56,13,36,0,0
2024-10-17,Thursday,,1,79,61,18,1,217.4,2.75,273,49,14,40,0,0
2024-10-18,Friday,,1,63,61,2,0,214.3,3.4,275,51,18,24,0,0
2024-10-19,Saturday,,0,0,0,0,0,0,,0,0,0,0,0,0
2024-10-20,Sunday,,0,0,0,0,0,0,,0,0,0,0,0,0
2024-10-21,Monday,,1,80,70,10,2,311,3.89,352,56,19,44,0,0
2024-10-22,Tuesday,,1,61,59,2,1,179.3,2.94,274,52,16,28,0,0
2024-10-23,Wednesday,,1,71,55,16,2,218.5,3.08,292,43,18,41,0,0
2024-10-24,Thursday,,1,73,58,15,1,156.6,2.15,298,50,22,38,0,0
2024-10-25,Friday,,1,88,75,13,0,230.2,2.62,350,62,20,47,0,0
2024-10-26,Saturday,,0,2,0,2,0,3.2,1.6,2,0,0,2,0,0
2024-10-27,Sunday,,0,0,0,0,0,0,,0,0,0,0,0,0
2024-10-28,Monday,,1,70,65,5,0,185.4,2.65,303,57,16,25,0,0
2024-10-29,Tuesday,,1,69,65,4,1,208.9,3.03,299,60,14,31,0,0
2024-10-30,Wednesday,,1,71,59,12,2,192.1,2.71,284,48,14,43,0,0
2024-10-31,Thursday,,1,78,60,18,4,167.1,2.14,271,46,19,43,0,0
2024-11-01,Friday,,1,86,73,13,1,276.8,3.22,380,62,24,41,0,0
2024-11-02,Saturday,,0,4,0,4,0,6.2,1.55,4,0,0,4,0,0
2024-11-03,Sunday,,0,0,0,0,0,0,,0,0,0,0,0,0
2024-11-04,Monday,,1,85,73,12,0,247.3,2.91,410,63,23,43,0,0
2024-11-05,Tuesday,,1,79,67,12,0,202.8,2.57,367,60,17,39,0,0
2024-11-06,Wednesday,,1,73,67,6,0,238.3,3.26,336,56,18,31,0,0
2024-11-07,Thursday,,1,69,61,8,0,181.8,2.63,281,52,13,27,0,0
2024-11-08,Friday,,1,80,64,16,1,177.7,2.22,304,57,13,34,0,0
2024-11-09,Saturday,,0,0,0,0,0,0,,0,0,0,0,0,0
2024-11-10,Sunday,,0,0,0,0,0,0,,0,0,0,0,0,0
2024-11-11,Monday,,1,80,74,6,1,232.5,2.91,361,58,26,39,0,0
2024-11-12,Tuesday,,1,85,72,13,0,177.1,2.08,302,53,16,46,0,0
2024-11-13,Wednesday,,1,82,77,5,0,215.75,2.63,318,65,13,30,0,0
2024-11-14,Thursday,,1,81,68,13,0,172.8,2.13,306,54,21,50,0,0
2024-11-15,Friday,,1,79,71,8,2,240.1,3.04,339,62,18,41,0,0
2024-11-16,Saturday,,0,0,0,0,0,0,,0,0,0,0,0,0
2024-11-17,Sunday,,0,0,0,0,0,0,,0,0,0,0,0,0
2024-11-18,Monday,,1,93,73,20,2,217.3,2.34,375,58,16,52,0,0
2024-11-19,Tuesday,,1,85,68,17,2,251.9,2.96,310,54,21,46,0,0
2024-11-20,Wednesday,,1,77,70,7,0,200.2,2.6,312,55,17,39,0,0
2024-11-21,Thursday,,1,75,69,6,0,189.9,2.53,309,57,15,35,0,0
2024-11-22,Friday,,1,69,62,7,1,167,2.42,279,51,16,32,0,0
2024-11-23,Saturday,,0,0,0,0,0,0,,0,0,0,0,0,0
2024-11-24,Sunday,,0,0,0,0,0,0,,0,0,0,0,0,0
2024-11-25,Monday,,1,111,95,16,1,292.5,2.64,433,75,24,57,0,0
2024-11-26,Tuesday,,1,71,67,4,0,210.6,2.97,303,54,10,30,0,0
2024-11-27,Wednesday,,1,70,62,8,0,142.2,2.03,262,51,12,36,0,0
2024-11-28,Thursday,Thanksgiving Day,0,0,0,0,0,0,,0,0,0,0,0,0
2024-11-29,Friday,,1,76,67,9,1,196.4,2.58,297,60,22,32,0,0
2024-11-30,Saturday,,0,2,0,2,0,3.2,1.6,2,0,0,2,0,0
2024-12-01,Sunday,,0,0,0,0,0,0,,0,0,0,0,0,0
2024-12-02,Monday,,1,89,78,11,0,249.7,2.81,397,63,17,40,0,0
2024-12-03,Tuesday,,1,79,70,9,1,176.2,2.23,302,53,18,42,0,0
2024-12-04,Wednesday,,1,94,77,17,0,208,2.21,353,51,21,54,0,0
2024-12-05,Thursday,,1,74,61,13,0,130.9,1.77,262,45,14,45,0,0
2024-12-06,Friday,,1,91,81,10,0,221.5,2.43,368,68,18,52,0,0
2024-12-07,Saturday,,0,0,0,0,0,0,,0,0,0,0,0,0
2024-12-08,Sunday,,0,0,0,0,0,0,,0,0,0,0,0,0
2024-12-09,Monday,,1,104,87,17,3,297,2.86,382,67,30,55,0,0
2024-12-10,Tuesday,,1,85,72,13,1,214.6,2.52,335,56,15,39,0,0
2024-12-11,Wednesday,,1,67,60,7,1,131.9,1.97,247,51,19,35,0,0
2024-12-12,Thursday,,1,88,80,8,0,201,2.28,318,63,23,40,0,0
2024-12-13,Friday,,1,94,84,10,1,195.6,2.08,324,63,26,47,0,0
2024-12-14,Saturday,,0,0,0,0,0,0,,0,0,0,0,0,0
2024-12-15,Sunday,,0,0,0,0,0,0,,0,0,0,0,0,0
2024-12-16,Monday,,1,97,84,13,0,205,2.11,366,74,20,40,0,0
2024-12-17,Tuesday,,1,81,73,8,0,197.9,2.44,323,64,21,29,0,0
2024-12-18,Wednesday,,1,69,61,8,3,124.8,1.81,250,49,13,32,0,0
2024-12-19,Thursday,,1,49,42,7,0,145.4,2.97,209,31,15,26,0,0
2024-12-20,Friday,,1,90,77,13,0,159.5,1.77,300,52,18,52,0,0
2024-12-21,Saturday,,0,0,0,0,0,0,,0,0,0,0,0,0
2024-12-22,Sunday,,0,0,0,0,0,0,,0,0,0,0,0,0
2024-12-23,Monday,,1,95,79,16,0,188.2,1.98,355,59,23,55,0,0
2024-12-24,Tuesday,Christmas Eve,0,0,0,0,0,0,,0,0,0,0,0,0
2024-12-25,Wednesday,Christmas Day,0,0,0,0,0,0,,0,0,0,0,0,0
2024-12-26,Thursday,,1,81,68,13,0,161.4,1.99,291,52,15,40,0,0
2024-12-27,Friday,,1,78,70,8,2,149.4,1.92,269,53,19,38,0,0
2024-12-28,Saturday,,0,6,0,6,0,9.6,1.6,6,0,0,6,0,0
2024-12-29,Sunday,,0,0,0,0,0,0,,0,0,0,0,0,0
2024-12-30,Monday,,1,68,61,7,0,171.8,2.53,309,49,14,36,0,0
2024-12-31,Tuesday,,1,66,54,12,0,141.7,2.15,239,39,16,33,0,0
2025-01-01,Wednesday,New Year's Day,0,0,0,0,0,0,,0,0,0,0,0,0
2025-01-02,Thursday,,1,80,67,13,0,239.5,2.99,327,46,18,45,0,0
2025-01-03,Friday,,1,85,68,17,1,141,1.66,275,53,14,44,0,0
2025-01-04,Saturday,,0,0,0,0,0,0,,0,0,0,0,0,0
2025-01-05,Sunday,,0,0,0,0,0,0,,0,0,0,0,0,0
2025-01-06,Monday,,1,86,77,9,1,260.4,3.03,351,59,24,45,0,0
2025-01-07,Tuesday,,1,65,55,10,0,137.4,2.11,243,37,16,41,0,0
2025-01-08,Wednesday,,1,73,63,10,0,175,2.4,279,42,18,46,0,0
2025-01-09,Thursday,,1,74,63,11,0,246.7,3.33,308,48,21,48,0,0
2025-01-10,Friday,,1,63,61,2,0,191.2,3.03,251,44,16,28,0,0
2025-01-11,Saturday,,0,1,0,1,0,1.4,1.4,1,0,0,1,0,0
2025-01-12,Sunday,,0,0,0,0,0,0,,0,0,0,0,0,0
2025-01-13,Monday,,1,63,61,2,1,197.3,3.13,226,37,21,36,0,0
2025-01-14,Tuesday,,1,56,49,7,0,127.3,2.27,232,31,11,38,0,0
2025-01-15,Wednesday,,1,68,59,9,0,130.9,1.92,256,45,16,41,0,0
2025-01-16,Thursday,,1,70,51,19,0,145.8,2.08,221,34,19,44,0,0
2025-01-17,Friday,,1,69,66,3,0,190.2,2.76,307,54,21,36,0,0
2025-01-18,Saturday,,0,3,0,3,0,0,0,3,0,0,3,0,0
2025-01-19,Sunday,,0,3,0,3,0,0,0,8,0,0,3,0,0
2025-01-20,Monday,,1,92,80,12,1,254.9,2.77,391,52,29,63,0,0
2025-01-21,Tuesday,,1,74,67,7,0,145.3,1.96,299,50,21,42,0,0
2025-01-22,Wednesday,,1,74,64,10,1,158.3,2.14,284,50,17,41,0,0
2025-01-23,Thursday,,1,61,52,9,2,153.9,2.52,224,34,12,35,0,0
2025-01-24,Friday,,1,82,74,8,0,177,2.16,301,59,24,47,0,0
2025-01-25,Saturday,,0,0,0,0,0,0,,0,0,0,0,0,0
2025-01-26,Sunday,,0,0,0,0,0,0,,0,0,0,0,0,0
2025-01-27,Monday,,1,83,76,7,1,206.4,2.49,370,63,29,42,0,0
2025-01-28,Tuesday,,1,68,55,13,0,167.6,2.46,263,45,20,40,0,0
2025-01-29,Wednesday,,1,61,54,7,1,148.3,2.43,250,40,18,40,0,0
2025-01-30,Thursday,,1,78,65,13,0,163.1,2.09,285,47,21,48,0,0
2025-01-31,Friday,,1,80,75,5,0,155.9,1.95,303,50,26,46,0,0
2025-02-01,Saturday,,0,0,0,0,0,0,,0,0,0,0,0,0
2025-02-02,Sunday,,0,0,0,0,0,0,,0,0,0,0,0,0
2025-02-03,Monday,,1,71,56,15,0,150.6,2.12,277,43,20,46,0,0
2025-02-04,Tuesday,,1,60,56,4,0,168.3,2.8,267,42,20,35,0,0
2025-02-05,Wednesday,,1,63,49,14,4,179.8,2.85,263,42,22,44,0,0
2025-02-06,Thursday,,1,65,55,10,0,177.7,2.73,287,42,19,40,0,0
2025-02-07,Friday,,1,84,75,9,0,179.5,2.14,337,59,28,45,0,0
2025-02-08,Saturday,,0,0,0,0,0,0,,0,0,0,0,0,0
2025-02-09,Sunday,,0,0,0,0,0,0,,0,0,0,0,0,0
2025-02-10,Monday,,1,83,76,7,2,173.9,2.1,324,51,26,52,0,0
2025-02-11,Tuesday,,1,76,68,8,0,223.3,2.94,333,45,29,49,0,0
2025-02-12,Wednesday,,1,77,57,20,0,148.4,1.93,260,38,23,56,0,0
2025-02-13,Thursday,,1,62,58,4,0,138.5,2.23,265,47,23,34,0,0
2025-02-14,Friday,,1,71,69,2,0,149.1,2.1,275,56,15,35,0,0
2025-02-15,Saturday,,0,1,0,1,0,1.6,1.6,1,0,0,1,0,0
2025-02-16,Sunday,,0,0,0,0,0,0,,0,0,0,0,0,0
2025-02-17,Monday,,1,99,88,11,1,239.2,2.42,393,70,29,59,0,0
2025-02-18,Tuesday,,1,75,69,6,0,125.7,1.68,275,46,24,49,0,0
2025-02-19,Wednesday,,1,72,61,11,0,156.2,2.17,267,44,26,45,0,0
2025-02-20,Thursday,,1,84,72,12,1,194.6,2.32,311,50,16,47,0,0
2025-02-21,Friday,,1,98,89,9,0,227.3,2.32,348,64,25,52,0,0
2025-02-22,Saturday,,0,2,0,2,0,3.2,1.6,2,0,0,2,0,0
2025-02-23,Sunday,,0,0,0,0,0,0,,0,0,0,0,0,0
2025-02-24,Monday,,1,86,74,12,1,181.9,2.12,358,58,16,53,0,0
2025-02-25,Tuesday,,1,78,67,11,0,137.3,1.76,299,48,20,45,0,0
2025-02-26,Wednesday,,1,65,61,4,1,209.7,3.23,288,49,16,35,0,0
2025-02-27,Thursday,,1,75,59,16,1,180,2.4,289,43,19,44,0,0
2025-02-28,Friday,,1,86,71,15,2,208.3,2.42,351,51,26,47,0,0
2025-03-01,Saturday,,0,0,0,0,0,0,,0,0,0,0,0,0
2025-03-02,Sunday,,0,0,0,0,0,0,,0,0,0,0,0,0
2025-03-03,Monday,,1,96,71,25,0,241.3,2.51,358,52,22,66,0,0
2025-03-04,Tuesday,,1,61,59,2,0,167.5,2.75,269,43,14,27,0,0
2025-03-05,Wednesday,,1,27,24,3,0,102.5,3.8,121,21,6,12,0,0
2025-03-06,Thursday,,1,68,64,4,1,192,2.82,266,49,20,33,0,0
2025-03-07,Friday,,1,55,52,3,0,122.7,2.23,227,42,15,31,0,0
2025-03-08,Saturday,,0,0,0,0,0,0,,0,0,0,0,0,0
2025-03-09,Sunday,,0,0,0,0,0,0,,0,0,0,0,0,0
2025-03-10,Monday,,1,92,78,14,1,211,2.29,342,55,26,54,0,0
2025-03-11,Tuesday,,1,86,70,16,2,168.4,1.96,326,48,21,57,0,0
2025-03-12,Wednesday,,1,69,54,15,1,121,1.75,242,44,22,42,0,0
2025-03-13,Thursday,,1,77,71,6,1,121.2,1.57,269,46,18,56,0,0
2025-03-14,Friday,,1,107,93,14,1,162.5,1.52,355,65,21,77,0,0
2025-03-15,Saturday,,0,2,0,2,0,3.2,1.6,2,0,0,2,0,0
2025-03-16,Sunday,,0,0,0,0,0,0,,0,0,0,0,0,0
2025-03-17,Monday,,1,73,64,9,0,163.8,2.24,299,42,23,50,0,0
2025-03-18,Tuesday,,1,64,59,5,0,211.5,3.3,257,39,20,42,0,0
2025-03-19,Wednesday,,1,66,58,8,1,160.8,2.44,270,47,22,44,0,0
2025-03-20,Thursday,,1,94,76,18,0,131.1,1.39,333,48,32,71,0,0
2025-03-21,Friday,,1,99,88,11,0,155.2,1.57,359,64,32,64,0,0
2025-03-22,Saturday,,0,0,0,0,0,0,,0,0,0,0,0,0
2025-03-23,Sunday,,0,0,0,0,0,0,,0,0,0,0,0,0
2025-03-24,Monday,,1,87,71,16,0,195.2,2.24,345,54,19,64,0,0
2025-03-25,Tuesday,,1,98,70,28,0,231.4,2.36,391,51,21,65,0,0
2025-03-26,Wednesday,,1,77,69,8,1,164.8,2.14,298,53,21,51,0,0
2025-03-27,Thursday,,1,78,74,4,2,203,2.6,319,56,23,48,0,0
2025-03-28,Friday,,1,100,85,15,0,205.7,2.06,366,67,27,65,0,0
2025-03-29,Saturday,,0,7,0,7,0,11,1.57,7,0,0,7,0,0
2025-03-30,Sunday,,0,0,0,0,0,0,,0,0,0,0,0,0
2025-03-31,Monday,,1,91,80,11,1,222.6,2.45,370,57,28,60,0,0
2025-04-01,Tuesday,,1,67,52,15,0,145.6,2.17,283,41,23,47,0,0
2025-04-02,Wednesday,,1,59,54,5,0,109.6,1.86,221,40,21,35,0,0
2025-04-03,Thursday,,1,85,72,13,0,215.7,2.54,350,57,21,54,0,0
2025-04-04,Friday,,1,81,73,8,2,200.4,2.47,302,51,24,58,0,0
2025-04-05,Saturday,,0,9,0,9,0,13.9,1.54,9,0,0,9,0,0
2025-04-06,Sunday,,0,0,0,0,0,0,,0,0,0,0,0,0
2025-04-07,Monday,,1,86,78,8,0,232.4,2.7,371,63,23,57,0,0
2025-04-08,Tuesday,,1,80,70,10,0,185.4,2.32,334,49,22,61,0,0
2025-04-09,Wednesday,,1,88,71,17,0,197.5,2.24,326,50,23,65,0,0
2025-04-10,Thursday,,1,73,60,13,0,187.1,2.56,314,48,25,48,0,0
2025-04-11,Friday,,1,74,67,7,0,149.7,2.02,288,52,23,47,0,0
2025-04-12,Saturday,,0,4,0,4,0,3,0.75,4,0,0,4,0,0
2025-04-13,Sunday,,0,0,0,0,0,0,,0,0,0,0,0,0
2025-04-14,Monday,,1,89,76,13,0,305.1,3.43,418,58,23,62,0,0
2025-04-15,Tuesday,,1,68,61,7,0,151.4,2.23,259,43,20,45,0,0
2025-04-16,Wednesday,,1,81,63,18,1,175,2.16,294,44,15,62,0,0
2025-04-17,Thursday,,1,84,61,23,0,118.8,1.41,250,36,20,63,0,0
2025-04-18,Friday,,1,81,81,0,0,142.6,1.76,296,58,17,52,0,0
2025-04-19,Saturday,,0,1,0,1,0,0,0,1,0,0,1,0,0
2025-04-20,Sunday,,0,0,0,0,0,0,,0,0,0,0,0,0
2025-04-21,Monday,,1,96,86,10,0,290.3,3.02,397,58,26,64,0,0
2025-04-22,Tuesday,,1,67,64,3,0,194.4,2.9,277,48,21,34,0,0
2025-04-23,Wednesday,,1,74,60,14,0,173.2,2.34,272,42,13,49,0,0
2025-04-24,Thursday,,1,76,62,14,0,138.6,1.82,296,45,21,49,0,0
2025-04-25,Friday,,1,82,72,10,0,181.1,2.21,296,55,28,50,0,0
2025-04-26,Saturday,,0,5,0,5,0,2.9,0.58,6,0,0,5,0,0
2025-04-27,Sunday,,0,0,0,0,0,0,,0,0,0,0,0,0
2025-04-28,Monday,,1,84,61,23,1,179.5,2.14,317,49,23,64,0,0
2025-04-29,Tuesday,,1,82,68,14,0,196.5,2.4,297,45,25,60,0,0
2025-04-30,Wednesday,,1,91,73,18,1,190.5,2.09,323,52,17,66,0,0
2025-05-01,Thursday,,1,64,59,5,0,145.6,2.28,227,48,20,38,0,0
2025-05-02,Friday,,1,98,80,18,1,200.5,2.05,344,57,23,63,0,0
2025-05-03,Saturday,,0,0,0,0,0,0,,0,0,0,0,0,0
2025-05-04,Sunday,,0,0,0,0,0,0,,0,0,0,0,0,0
2025-05-05,Monday,,1,94,76,18,1,275.3,2.93,392,57,24,65,0,0
2025-05-06,Tuesday,,1,71,64,7,0,181.2,2.55,298,52,17,40,0,0
2025-05-07,Wednesday,,1,81,68,13,2,156,1.93,298,56,20,54,0,0
2025-05-08,Thursday,,1,92,74,18,0,227.9,2.48,331,60,23,50,0,0
2025-05-09,Friday,,1,86,77,9,0,168,1.95,342,69,25,38,0,0
2025-05-10,Saturday,,0,6,0,6,0,8,1.33,6,0,0,6,0,0
2025-05-11,Sunday,,0,0,0,0,0,0,,0,0,0,0,0,0
2025-05-12,Monday,,1,90,77,13,0,185.4,2.06,345,59,23,56,0,0
2025-05-13,Tuesday,,1,74,69,5,2,167.5,2.26,268,56,16,39,0,0
2025-05-14,Wednesday,,1,91,73,18,0,185,2.03,302,65,28,45,0,0
2025-05-15,Thursday,,1,76,65,11,1,240.5,3.16,326,56,21,38,0,0
2025-05-16,Friday,,1,76,68,8,0,186.5,2.45,303,58,18,32,0,0
2025-05-17,Saturday,,0,2,0,2,1,0,0,1,1,0,2,0,0
2025-05-18,Sunday,,0,0,0,0,0,0,,0,0,0,0,0,0
2025-05-19,Monday,,1,107,84,23,0,248.3,2.32,438,66,27,66,0,0
2025-05-20,Tuesday,,1,86,78,8,0,262.9,3.06,359,63,17,49,0,0
2025-05-21,Wednesday,,1,77,69,8,0,147.9,1.92,301,52,16,51,0,0
2025-05-22,Thursday,,1,84,65,19,1,140.8,1.68,285,53,16,51,0,0
2025-05-23,Friday,,1,81,81,0,0,137.4,1.7,328,67,19,34,0,0
2025-05-24,Saturday,,0,7,0,7,0,4.8,0.69,11,0,1,7,0,0
2025-05-25,Sunday,,0,0,0,0,0,0,,0,0,0,0,0,0
2025-05-26,Monday,Memorial Day,0,0,0,0,0,0,,0,0,0,0,0,0
2025-05-27,Tuesday,,1,87,77,10,1,211.3,2.43,371,70,14,46,0,0
2025-05-28,Wednesday,,1,80,75,5,0,191.1,2.39,320,66,18,44,0,0
2025-05-29,Thursday,,1,96,76,20,0,203.6,2.12,364,61,23,54,0,0
2025-05-30,Friday,,1,92,88,4,0,196.6,2.14,356,80,26,38,0,0
2025-05-31,Saturday,,0,10,0,10,0,15.5,1.55,11,0,1,10,0,0
2025-06-01,Sunday,,0,0,0,0,0,0,,0,0,0,0,0,0
2025-06-02,Monday,,1,90,73,17,2,213.8,2.38,376,68,26,51,0,0
2025-06-03,Tuesday,,1,66,60,6,0,176.2,2.67,293,52,20,38,0,0
2025-06-04,Wednesday,,1,81,63,18,0,202.9,2.5,291,49,23,49,0,0
2025-06-05,Thursday,,1,92,76,16,2,134.9,1.47,300,66,16,53,0,0
2025-06-06,Friday,,1,84,77,7,0,167.5,1.99,324,64,21,47,0,0
2025-06-07,Saturday,,0,7,0,7,0,10.2,1.46,7,0,0,7,0,0
2025-06-08,Sunday,,0,0,0,0,0,0,,0,0,0,0,0,0
2025-06-09,Monday,,1,80,69,11,0,171,2.14,312,59,18,49,0,0
2025-06-10,Tuesday,,1,75,67,8,0,248.5,3.31,347,52,27,42,0,0
2025-06-11,Wednesday,,1,59,55,4,1,125.3,2.12,220,35,20,37,0,0
2025-06-12,Thursday,,1,76,66,10,0,162.1,2.13,281,50,20,42,0,0
2025-06-13,Friday,,1,137,91,46,2,267.3,1.95,380,68,70,48,0,0
2025-06-14,Saturday,,0,0,0,0,0,0,,0,0,0,0,0,0
2025-06-15,Sunday,,0,0,0,0,0,0,,0,0,0,0,0,0
2025-06-16,Monday,,1,80,67,13,0,188.5,2.36,282,56,20,41,0,0
2025-06-17,Tuesday,,1,66,59,7,0,123.8,1.88,248,51,17,39,0,0
2025-06-18,Wednesday,,1,71,60,11,0,133.5,1.88,256,52,20,33,0,0
2025-06-19,Thursday,,1,95,80,15,0,157,1.65,318,61,19,56,0,0
2025-06-20,Friday,,1,71,55,16,3,141.2,1.99,228,45,15,43,0,0
2025-06-21,Saturday,,0,0,0,0,0,0,,0,0,0,0,0,0
2025-06-22,Sunday,,0,0,0,0,0,0,,0,0,0,0,0,0
2025-06-23,Monday,,1,79,73,6,0,243.3,3.08,319,57,23,42,0,0
2025-06-24,Tuesday,,1,71,58,13,0,165.4,2.33,272,50,19,32,0,0
2025-06-25,Wednesday,,1,66,55,11,0,139.9,2.12,260,47,12,36,0,0
2025-06-26,Thursday,,1,69,62,7,1,197.7,2.87,273,51,21,40,0,0
2025-06-27,Friday,,1,90,65,25,0,173.6,1.93,334,55,21,58,0,0
2025-06-28,Saturday,,0,0,0,0,0,0,,0,0,0,0,0,0
2025-06-29,Sunday,,0,0,0,0,0,0,,0,0,0,0,0,0
2025-06-30,Monday,,1,92,83,9,1,258.8,2.81,360,67,35,48,0,0
2025-07-01,Tuesday,,1,85,65,20,2,224.7,2.64,351,57,27,47,0,0
2025-07-02,Wednesday,,1,68,66,2,1,152.7,2.25,246,55,21,34,0,0
2025-07-03,Thursday,,1,94,69,25,1,188.7,2.01,327,60,32,52,0,0
2025-07-04,Friday,Independence Day,0,0,0,0,0,0,,0,0,0,0,0,0
2025-07-05,Saturday,,0,0,0,0,0,0,,0,0,0,0,0,0
2025-07-06,Sunday,,0,0,0,0,0,0,,0,0,0,0,0,0
2025-07-07,Monday,,1,110,94,16,0,261.6,2.38,428,79,34,52,0,0
2025-07-08,Tuesday,,1,82,74,8,1,229.8,2.8,322,71,32,33,0,0
2025-07-09,Wednesday,,1,75,70,5,0,209,2.79,273,62,27,29,0,0
2025-07-10,Thursday,,1,80,63,17,0,166.9,2.09,310,55,29,35,0,0
2025-07-11,Friday,,1,83,73,10,0,156.1,1.88,303,63,27,39,0,0
2025-07-12,Saturday,,0,3,0,3,0,3.2,1.07,3,0,0,3,0,0
2025-07-13,Sunday,,0,0,0,0,0,0,,0,0,0,0,0,0
2025-07-14,Monday,,1,96,91,5,0,232.3,2.42,367,74,32,49,0,0
2025-07-15,Tuesday,,1,77,71,6,0,187.1,2.43,329,59,30,39,0,0
2025-07-16,Wednesday,,1,85,74,11,0,156.9,1.85,305,63,27,50,0,0
2025-07-17,Thursday,,1,76,59,17,0,141.8,1.87,284,47,15,48,0,0
2025-07-18,Friday,,1,85,66,19,0,187.7,2.21,305,59,19,51,0,0
2025-07-19,Saturday,,0,4,0,4,0,6.4,1.6,4,0,0,4,0,0
2025-07-20,Sunday,,0,0,0,0,0,0,,0,0,0,0,0,0
2025-07-21,Monday,,1,94,73,21,0,226.7,2.41,332,60,27,53,0,0
2025-07-22,Tuesday,,1,82,74,8,0,124.5,1.52,271,59,31,42,0,0
2025-07-23,Wednesday,,1,62,54,8,0,167.2,2.7,241,48,20,32,0,0
2025-07-24,Thursday,,1,69,63,6,1,140.1,2.03,264,53,28,43,0,0
2025-07-25,Friday,,1,89,72,17,0,141.3,1.59,311,62,27,52,0,0
2025-07-26,Saturday,,0,9,0,9,1,6.8,0.76,8,1,0,9,0,0
2025-07-27,Sunday,,0,0,0,0,0,0,,0,0,0,0,0,0
2025-07-28,Monday,,1,90,80,10,0,198.1,2.2,353,71,31,45,0,0
2025-07-29,Tuesday,,1,77,67,10,1,160.3,2.08,295,56,25,45,0,0
2025-07-30,Wednesday,,1,68,59,9,0,158,2.32,274,53,25,37,0,0
2025-07-31,Thursday,,1,88,76,12,0,202.6,2.3,369,61,24,48,0,0
2025-08-01,Friday,,1,75,65,10,0,138.7,1.85,276,57,30,31,0,0
2025-08-02,Saturday,,0,0,0,0,0,0,,0,0,0,0,0,0
2025-08-03,Sunday,,0,4,0,4,0,0,0,7,0,0,4,0,0
2025-08-04,Monday,,1,90,77,13,0,208.6,2.32,348,68,28,36,0,0
2025-08-05,Tuesday,,1,91,69,22,0,210.1,2.31,358,64,21,45,0,0
2025-08-06,Wednesday,,1,76,71,5,1,222.9,2.93,305,64,22,34,0,0
2025-08-07,Thursday,,1,84,68,16,1,142.2,1.69,284,54,22,51,0,0
2025-08-08,Friday,,1,77,70,7,0,142.2,1.85,283,56,28,38,0,0
2025-08-09,Saturday,,0,12,0,12,0,17.6,1.47,12,0,0,12,0,0
2025-08-10,Sunday,,0,0,0,0,0,0,,0,0,0,0,0,0
2025-08-11,Monday,,1,88,75,13,0,234.4,2.66,375,62,23,50,0,0
2025-08-12,Tuesday,,1,58,53,5,0,125,2.16,230,39,18,36,0,0
2025-08-13,Wednesday,,1,75,57,18,0,158.4,2.11,288,47,20,46,0,0
2025-08-14,Thursday,,1,74,59,15,0,142.6,1.93,250,46,20,43,0,0
2025-08-15,Friday,,1,85,73,12,0,193.7,2.28,310,55,32,41,0,0
2025-08-16,Saturday,,0,0,0,0,0,0,,0,0,0,0,0,0
2025-08-17,Sunday,,0,0,0,0,0,0,,0,0,0,0,0,0
2025-08-18,Monday,,1,89,72,17,0,265.5,2.98,388,61,27,48,0,1
2025-08-19,Tuesday,,1,83,65,18,0,203.2,2.45,316,60,16,38,0,0
2025-08-20,Wednesday,,1,58,52,6,0,128.6,2.22,217,45,9,29,0,0
2025-08-21,Thursday,,1,82,58,24,0,190.1,2.32,298,54,18,41,0,0
2025-08-22,Friday,,1,71,56,15,1,115.8,1.63,251,53,16,35,0,0
2025-08-23,Saturday,,0,0,0,0,0,0,,0,0,0,0,0,0
2025-08-24,Sunday,,0,0,0,0,0,0,,0,0,0,0,0,0
2025-08-25,Monday,,1,88,74,14,0,221.8,2.52,325,61,25,48,0,0
2025-08-26,Tuesday,,1,70,59,11,0,155.6,2.22,234,50,17,37,0,0
2025-08-27,Wednesday,,1,86,67,19,0,230.3,2.68,345,60,24,45,0,0
2025-08-28,Thursday,,1,85,62,23,0,185.4,2.18,311,56,22,52,0,0
2025-08-29,Friday,,1,71,62,9,0,137.9,1.94,249,46,16,37,0,0
2025-08-30,Saturday,,0,2,0,2,0,3.2,1.6,2,0,0,2,0,0
2025-08-31,Sunday,,0,0,0,0,0,0,,0,0,0,0,0,0
2025-09-01,Monday,Labor Day,0,0,0,0,0,0,,0,0,0,0,0,0
2025-09-02,Tuesday,,1,85,62,23,0,265.6,3.12,365,53,20,47,0,0
2025-09-03,Wednesday,,1,65,56,9,0,112.2,1.73,253,45,19,30,0,0
2025-09-04,Thursday,,1,79,65,14,0,146.7,1.86,277,59,21,39,0,0
2025-09-05,Friday,,1,91,73,18,0,173.4,1.91,333,56,22,57,0,0
2025-09-06,Saturday,,0,0,0,0,0,0,,0,0,0,0,0,0
2025-09-07,Sunday,,0,0,0,0,0,0,,0,0,0,0,0,0
2025-09-08,Monday,,1,79,71,8,0,168.4,2.13,293,62,26,34,0,0
2025-09-09,Tuesday,,1,80,71,9,0,216.3,2.7,320,62,22,37,0,0
2025-09-10,Wednesday,,1,69,65,4,0,175.1,2.54,295,58,22,29,0,0
2025-09-11,Thursday,,1,80,69,11,1,224,2.8,307,54,23,43,0,0
2025-09-12,Friday,,1,72,56,16,0,182.5,2.53,270,49,19,38,0,0
2025-09-13,Saturday,,0,5,0,5,0,8,1.6,5,0,0,5,0,0
2025-09-14,Sunday,,0,0,0,0,0,0,,0,0,0,0,0,0
2025-09-15,Monday,,1,74,66,8,0,249.9,3.38,320,56,15,38,0,0
2025-09-16,Tuesday,,1,78,69,9,1,206.1,2.64,283,54,19,45,0,0
2025-09-17,Wednesday,,1,61,51,10,0,151.3,2.48,244,41,19,35,0,0
2025-09-18,Thursday,,1,62,55,7,0,151.1,2.44,228,45,17,35,0,0
2025-09-19,Friday,,1,79,68,11,0,157.9,2,271,55,19,45,0,0
2025-09-20,Saturday,,0,19,0,19,0,31.2,1.64,19,0,0,19,0,0
2025-09-21,Sunday,,0,0,0,0,0,0,,0,0,0,0,0,0
2025-09-22,Monday,,1,127,81,46,0,274.9,2.16,404,71,17,74,0,0
2025-09-23,Tuesday,,1,68,55,13,0,164.9,2.43,235,47,10,36,0,0
2025-09-24,Wednesday,,1,64,44,20,0,148.8,2.33,245,35,12,44,0,0
2025-09-25,Thursday,,1,78,63,15,0,122.5,1.57,272,52,19,36,0,0
2025-09-26,Friday,,1,77,70,7,1,165,2.14,288,65,20,34,0,0
2025-09-27,Saturday,,0,8,0,8,0,12.8,1.6,9,0,1,8,0,0
2025-09-28,Sunday,,0,0,0,0,0,0,,0,0,0,0,0,0
2025-09-29,Monday,,1,67,61,6,0,247.9,3.7,281,47,21,37,0,0
2025-09-30,Tuesday,,1,64,51,13,0,160.5,2.51,218,41,16,36,0,0
2025-10-01,Wednesday,,1,72,59,13,1,193.8,2.69,290,50,22,41,0,0
2025-10-02,Thursday,,1,66,57,9,0,163.5,2.48,247,49,19,32,0,0
2025-10-03,Friday,,1,79,56,23,0,112.2,1.42,253,47,15,47,0,0
2025-10-04,Saturday,,0,0,0,0,0,0,,0,0,0,0,0,0
2025-10-05,Sunday,,0,0,0,0,0,0,,0,0,0,0,0,0
2025-10-06,Monday,,1,92,70,22,0,234.3,2.55,348,54,23,54,0,0
2025-10-07,Tuesday,,1,71,55,16,0,120.8,1.7,226,44,15,42,0,0
2025-10-08,Wednesday,,1,68,57,11,0,143.9,2.12,231,44,17,38,0,0
2025-10-09,Thursday,,1,63,57,6,1,147.1,2.33,224,49,22,27,0,0
2025-10-10,Friday,,1,88,74,14,0,187,2.12,316,55,23,53,0,0
2025-10-11,Saturday,,0,6,0,6,0,0,0,8,0,0,6,0,0
2025-10-12,Sunday,,0,0,0,0,0,0,,0,0,0,0,0,0
2025-10-13,Monday,,1,79,69,10,1,172.2,2.18,301,52,21,41,0,0
2025-10-14,Tuesday,,1,61,53,8,0,109.5,1.8,243,40,19,33,0,0
2025-10-15,Wednesday,,1,82,68,14,0,189.6,2.31,308,51,18,47,0,0
2025-10-16,Thursday,,1,81,74,7,0,201.8,2.49,344,60,17,38,0,0
2025-10-17,Friday,,1,86,66,20,0,115,1.34,297,54,21,52,0,0
2025-10-18,Saturday,,0,8,0,8,0,11.2,1.4,8,0,0,8,0,0
2025-10-19,Sunday,,0,0,0,0,0,0,,0,0,0,0,0,0
2025-10-20,Monday,,1,70,62,8,0,197.6,2.82,301,51,19,30,0,0
2025-10-21,Tuesday,,1,76,60,16,0,166.6,2.19,277,49,21,34,0,0
2025-10-22,Wednesday,,1,63,49,14,0,136.8,2.17,232,38,13,34,0,0
2025-10-23,Thursday,,1,63,49,14,1,162.9,2.59,235,35,14,39,0,0
2025-10-24,Friday,,1,104,80,24,0,181.3,1.74,368,62,13,68,0,0
2025-10-25,Saturday,,0,4,0,4,0,12.8,3.2,5,0,1,4,0,0
2025-10-26,Sunday,,0,0,0,0,0,0,,0,0,0,0,0,0
2025-10-27,Monday,,1,76,67,9,0,224.6,2.96,322,54,26,39,0,0
2025-10-28,Tuesday,,1,66,66,0,0,104.6,1.58,218,48,19,29,0,0
2025-10-29,Wednesday,,1,76,64,12,0,169.8,2.23,239,49,15,40,0,0
2025-10-30,Thursday,,1,76,62,14,0,183.1,2.41,274,49,14,44,0,0
2025-10-31,Friday,,1,75,67,8,0,161.6,2.15,268,47,19,44,0,0
2025-11-01,Saturday,,0,2,0,2,0,3.2,1.6,2,0,0,2,0,0
2025-11-02,Sunday,,0,0,0,0,0,0,,0,0,0,0,0,0
2025-11-03,Monday,,1,97,78,19,0,213.9,2.21,394,68,25,50,0,0
2025-11-04,Tuesday,,1,67,60,7,0,182.4,2.72,284,51,24,33,0,0
2025-11-05,Wednesday,,1,89,79,10,0,179,2.01,312,61,24,46,0,0
2025-11-06,Thursday,,1,69,56,13,1,129.4,1.88,264,47,20,32,0,0
2025-11-07,Friday,,1,96,74,22,0,159.7,1.66,351,65,27,51,0,0
2025-11-08,Saturday,,0,6,0,6,0,5.4,0.9,6,0,0,6,0,0
2025-11-09,Sunday,,0,0,0,0,0,0,,0,0,0,0,0,0
2025-11-10,Monday,,1,93,83,10,0,263.8,2.84,389,66,29,49,0,0
2025-11-11,Tuesday,,1,79,71,8,0,323.1,4.09,340,58,27,46,0,0
2025-11-12,Wednesday,,1,75,68,7,0,154.5,2.06,260,53,23,32,0,0
2025-11-13,Thursday,,1,100,72,28,0,181.8,1.82,311,57,20,59,0,0
2025-11-14,Friday,,1,72,67,5,0,163.3,2.27,265,50,25,40,0,0
2025-11-15,Saturday,,0,1,0,1,0,1.4,1.4,1,0,0,1,0,0
2025-11-16,Sunday,,0,0,0,0,0,0,,0,0,0,0,0,0
2025-11-17,Monday,,1,94,75,19,0,233,2.48,399,59,29,64,0,0
2025-11-18,Tuesday,,1,80,60,20,0,224.3,2.8,316,55,18,47,0,0
2025-11-19,Wednesday,,1,68,61,7,1,141.1,2.07,256,51,15,35,0,0
2025-11-20,Thursday,,1,89,73,16,0,155.1,1.74,292,56,21,56,0,0
2025-11-21,Friday,,1,95,79,16,1,193.9,2.04,332,64,17,56,0,0
2025-11-22,Saturday,,0,2,0,2,0,3.2,1.6,2,0,0,2,0,0
2025-11-23,Sunday,,0,0,0,0,0,0,,0,0,0,0,0,0
2025-11-24,Monday,,1,98,85,13,0,220.1,2.25,373,72,24,47,0,0
2025-11-25,Tuesday,,1,74,67,7,0,159.8,2.16,292,56,18,38,0,0
2025-11-26,Wednesday,,1,85,63,22,1,170.7,2.01,314,54,17,45,0,0
2025-11-27,Thursday,Thanksgiving Day,0,0,0,0,0,0,,0,0,0,0,0,0
2025-11-28,Friday,,1,70,64,6,0,161.5,2.31,267,47,20,40,0,0
2025-11-29,Saturday,,0,0,0,0,0,0,,0,0,0,0,0,0
2025-11-30,Sunday,,0,0,0,0,0,0,,0,0,0,0,0,0
2025-12-01,Monday,,1,75,69,6,0,195.5,2.61,273,53,19,42,0,0
2025-12-02,Tuesday,,1,78,73,5,1,224.7,2.88,332,61,28,40,0,0
2025-12-03,Wednesday,,1,76,71,5,1,115.9,1.52,256,51,18,46,0,0
2025-12-04,Thursday,,1,91,72,19,0,189.9,2.09,337,59,15,58,0,0
2025-12-05,Friday,,1,77,72,5,1,151.1,1.96,274,55,16,40,0,0
2025-12-06,Saturday,,0,0,0,0,0,0,,0,0,0,0,0,0
2025-12-07,Sunday,,0,0,0,0,0,0,,0,0,0,0,0,0
2025-12-08,Monday,,1,75,62,13,0,181.1,2.41,267,49,19,42,0,0
2025-12-09,Tuesday,,1,80,53,27,0,179,2.24,300,45,7,59,0,0
2025-12-10,Wednesday,,1,51,49,2,1,120.3,2.36,206,44,10,25,0,0
2025-12-11,Thursday,,1,74,58,16,0,141.6,1.91,289,46,14,48,0,0
2025-12-12,Friday,,1,88,77,11,1,169.3,1.92,317,55,31,56,0,0
2025-12-13,Saturday,,0,1,0,1,0,1.6,1.6,1,0,0,1,0,0
2025-12-14,Sunday,,0,0,0,0,0,0,,0,0,0,0,0,0
2025-12-15,Monday,,1,89,86,3,0,283.6,3.19,382,75,33,43,0,0
2025-12-16,Tuesday,,1,82,75,7,0,174.2,2.12,313,65,18,52,0,0
2025-12-17,Wednesday,,1,68,56,12,2,168.9,2.48,272,48,13,40,0,0
2025-12-18,Thursday,,1,63,52,11,1,121.2,1.92,233,42,18,32,0,0
2025-12-19,Friday,,1,76,70,6,0,179.1,2.36,295,60,15,41,0,0
2025-12-20,Saturday,,0,0,0,0,0,0,,0,0,0,0,0,0
2025-12-21,Sunday,,0,0,0,0,0,0,,0,0,0,0,0,0
2025-12-22,Monday,,1,94,81,13,0,250,2.66,350,60,26,59,0,0
2025-12-23,Tuesday,,1,80,66,14,2,188.5,2.36,300,56,23,48,0,0
2025-12-24,Wednesday,Christmas Eve,0,0,0,0,0,0,,0,0,0,0,0,0
2025-12-25,Thursday,Christmas Day,0,0,0,0,0,0,,0,0,0,0,0,0
2025-12-26,Friday,,1,60,57,3,0,128.8,2.15,194,36,16,35,0,0
2025-12-27,Saturday,,0,0,0,0,0,0,,0,0,0,0,0,0
2025-12-28,Sunday,,0,0,0,0,0,0,,0,0,0,0,0,0
2025-12-29,Monday,,1,54,53,1,0,120.6,2.23,211,39,15,30,0,0
2025-12-30,Tuesday,,1,60,52,8,0,177.6,2.96,288,42,17,36,0,0
2025-12-31,Wednesday,,1,50,43,7,1,124.3,2.49,208,36,12,28,0,0
2026-01-01,Thursday,New Year's Day,0,0,0,0,0,0,,0,0,0,0,0,0
2026-01-02,Friday,,1,77,73,4,0,175.6,2.28,287,52,21,48,0,0
2026-01-03,Saturday,,0,0,0,0,0,0,,0,0,0,0,0,0
2026-01-04,Sunday,,0,0,0,0,0,0,,0,0,0,0,0,0
2026-01-05,Monday,,1,75,70,5,1,166.3,2.22,288,54,18,45,0,0
2026-01-06,Tuesday,,1,69,59,10,0,212.8,3.08,292,49,17,40,0,0
2026-01-07,Wednesday,,1,60,56,4,1,113.6,1.89,227,46,11,34,0,0
2026-01-08,Thursday,,1,48,47,1,0,133,2.77,224,39,7,22,0,0
2026-01-09,Friday,,1,100,70,30,3,189.2,1.89,300,56,25,68,0,0
2026-01-10,Saturday,,0,3,0,3,0,4.8,1.6,3,0,0,3,0,0
2026-01-11,Sunday,,0,0,0,0,0,0,,0,0,0,0,0,0
2026-01-12,Monday,,1,88,70,18,2,201.8,2.29,361,60,19,57,0,0
2026-01-13,Tuesday,,1,59,58,1,0,142.5,2.42,230,48,14,41,0,0
2026-01-14,Wednesday,,1,55,48,7,0,150.2,2.73,228,36,17,37,0,0
2026-01-15,Thursday,,1,60,48,12,0,158.1,2.64,231,36,11,42,0,0
2026-01-16,Friday,,1,70,66,4,1,130.2,1.86,255,61,15,38,0,0
2026-01-17,Saturday,,0,0,0,0,0,0,,0,0,0,0,0,0
2026-01-18,Sunday,,0,0,0,0,0,0,,0,0,0,0,0,0
2026-01-19,Monday,,1,90,79,11,0,224.7,2.5,353,63,18,60,0,0
2026-01-20,Tuesday,,1,50,49,1,0,173.4,3.47,206,38,14,32,0,0
2026-01-21,Wednesday,,1,66,57,9,0,145.6,2.21,245,43,15,40,0,0
2026-01-22,Thursday,,1,76,62,14,3,141.3,1.86,255,50,24,50,0,0
2026-01-23,Friday,,1,62,60,2,0,158.6,2.56,246,38,27,36,0,0
2026-01-24,Saturday,,0,17,0,17,4,17.5,1.03,14,4,0,17,0,0
2026-01-25,Sunday,,0,0,0,0,0,0,,0,0,0,0,0,0
2026-01-26,Monday,,1,92,79,13,2,214.6,2.33,366,66,25,50,0,0
2026-01-27,Tuesday,,1,77,68,9,0,189.3,2.46,329,53,18,51,0,0
2026-01-28,Wednesday,,1,83,64,19,2,205.2,2.47,282,55,18,53,0,0
2026-01-29,Thursday,,1,74,60,14,0,148,2,287,51,18,46,0,0
2026-01-30,Friday,,1,74,67,7,0,139.2,1.88,274,56,30,45,0,0
2026-01-31,Saturday,,0,1,0,1,0,2,2,1,0,0,1,0,0
2026-02-01,Sunday,,0,0,0,0,0,0,,0,0,0,0,0,0
2026-02-02,Monday,,1,92,58,34,1,234.5,2.55,324,44,15,68,0,0
2026-02-03,Tuesday,,1,56,51,5,0,124.5,2.22,228,39,10,30,0,0
2026-02-04,Wednesday,,1,74,61,13,2,176.6,2.39,259,49,15,40,0,0
2026-02-05,Thursday,,1,52,42,10,0,100.9,1.94,191,32,13,34,0,0
2026-02-06,Friday,,1,65,59,6,0,151.4,2.33,221,44,13,40,0,0
2026-02-07,Saturday,,0,0,0,0,0,0,,0,0,0,0,0,0
2026-02-08,Sunday,,0,0,0,0,0,0,,0,0,0,0,0,0
2026-02-09,Monday,,1,71,48,23,1,139.1,1.96,222,37,14,53,0,0
2026-02-10,Tuesday,,1,55,49,6,1,159.3,2.9,212,36,12,39,0,0
2026-02-11,Wednesday,,1,63,52,11,1,136.7,2.17,238,41,14,42,0,0
2026-02-12,Thursday,,1,65,54,11,1,140.7,2.16,220,42,16,38,0,0
2026-02-13,Friday,,1,72,66,6,1,190.1,2.64,278,56,21,31,0,0
2026-02-14,Saturday,,0,0,0,0,0,0,,0,0,0,0,0,0
2026-02-15,Sunday,,0,0,0,0,0,0,,0,0,0,0,0,0
2026-02-16,Monday,,1,78,66,12,1,194.9,2.5,286,53,19,46,0,0
2026-02-17,Tuesday,,1,54,47,7,0,143.6,2.66,200,36,15,35,0,0
2026-02-18,Wednesday,,1,57,52,5,0,126.2,2.21,175,35,18,32,0,0
2026-02-19,Thursday,,1,50,37,13,1,98.1,1.96,187,31,18,31,0,0
2026-02-20,Friday,,1,91,78,13,3,146.9,1.61,295,55,37,65,0,0
2026-02-21,Saturday,,0,0,0,0,0,0,,0,0,0,0,0,0
2026-02-22,Sunday,,0,0,0,0,0,0,,0,0,0,0,0,0
2026-02-23,Monday,,1,91,73,18,3,160.4,1.76,319,59,29,59,0,0
2026-02-24,Tuesday,,1,63,49,14,1,130.6,2.07,224,34,16,45,0,0
2026-02-25,Wednesday,,1,48,36,12,1,100,2.08,156,27,15,33,0,0
2026-02-26,Thursday,,1,56,49,7,0,77.6,1.39,186,26,16,38,0,0
2026-02-27,Friday,,1,72,63,9,1,158,2.19,285,47,20,41,0,0
2026-02-28,Saturday,,0,1,0,1,0,0,0,1,0,0,1,0,0
2026-03-01,Sunday,,0,0,0,0,0,0,,0,0,0,0,0,0
2026-03-02,Monday,,1,73,61,12,1,189.5,2.6,290,43,26,48,0,0
2026-03-03,Tuesday,,1,67,55,12,1,121.9,1.82,228,41,20,43,0,0
2026-03-04,Wednesday,,1,64,49,15,1,138.2,2.16,210,28,15,45,0,0
2026-03-05,Thursday,,1,56,45,11,0,86.5,1.54,187,29,10,45,0,0
2026-03-06,Friday,,1,69,60,9,0,145.8,2.11,219,42,18,48,0,0
2026-03-07,Saturday,,0,4,0,4,1,3.8,0.95,3,1,0,4,0,0
2026-03-08,Sunday,,0,0,0,0,0,0,,0,0,0,0,0,0
2026-03-09,Monday,,1,81,68,13,1,239.1,2.95,328,46,27,58,0,0
2026-03-10,Tuesday,,1,59,52,7,0,135.8,2.3,238,30,19,45,0,0
2026-03-11,Wednesday,,1,69,47,22,1,167,2.42,246,36,14,45,0,0
2026-03-12,Thursday,,1,56,41,15,0,110.5,1.97,214,30,17,39,0,0
2026-03-13,Friday,,1,73,69,4,1,147.9,2.03,282,48,22,50,0,0
2026-03-14,Saturday,,0,0,0,0,0,0,,0,0,0,0,0,0
2026-03-15,Sunday,,0,0,0,0,0,0,,0,0,0,0,0,0
2026-03-16,Monday,,1,61,37,24,1,125.1,2.05,220,22,9,50,0,0
2026-03-17,Tuesday,,1,40,32,8,0,63.2,1.58,129,17,10,34,0,0
2026-03-18,Wednesday,,1,51,49,2,0,130.6,2.56,205,34,9,38,0,0
2026-03-19,Thursday,,1,67,55,12,0,130.4,1.95,258,40,15,49,0,0
2026-03-20,Friday,,1,73,62,11,0,170,2.33,299,38,16,52,0,0
2026-03-21,Saturday,,0,8,0,8,0,12,1.5,8,0,0,8,0,0
2026-03-22,Sunday,,0,1,0,1,0,0,0,1,0,1,0,0,0
2026-03-23,Monday,,1,92,67,25,1,286.1,3.11,330,40,27,69,0,0
2026-03-24,Tuesday,,1,63,53,10,0,188.7,3,263,32,9,45,0,0
2026-03-25,Wednesday,,1,70,62,8,0,198.9,2.84,292,45,10,43,0,0
2026-03-26,Thursday,,1,68,61,7,0,146.3,2.15,233,36,21,44,0,0
2026-03-27,Friday,,1,97,84,13,0,136.9,1.41,298,50,29,69,0,0
2026-03-28,Saturday,,0,0,0,0,0,0,,0,0,0,0,0,0
2026-03-29,Sunday,,0,0,0,0,0,0,,0,0,0,0,0,0
2026-03-30,Monday,,1,87,76,11,0,193,2.22,351,54,20,54,0,0
2026-03-31,Tuesday,,1,82,61,21,3,168.7,2.06,263,43,15,51,0,0
2026-04-01,Wednesday,,1,63,53,10,1,152.7,2.42,246,34,17,40,0,0
2026-04-02,Thursday,,1,58,42,16,1,92.1,1.59,210,29,13,44,0,0
2026-04-03,Friday,,1,72,64,8,0,146.9,2.04,234,46,19,37,0,0
2026-04-04,Saturday,,0,0,0,0,0,0,,0,0,0,0,0,0
2026-04-05,Sunday,,0,0,0,0,0,0,,0,0,0,0,0,0
2026-04-06,Monday,,1,91,71,20,1,215.1,2.36,347,49,18,66,0,0
2026-04-07,Tuesday,,1,66,55,11,0,179.7,2.72,278,40,23,47,0,0
2026-04-08,Wednesday,,1,54,45,9,1,131.3,2.43,203,32,14,31,0,0
2026-04-09,Thursday,,1,68,54,14,0,152.6,2.24,233,40,17,37,0,0
2026-04-10,Friday,,1,101,88,13,1,248.4,2.46,389,69,29,62,0,0
2026-04-11,Saturday,,0,0,0,0,0,0,,0,0,0,0,0,0
2026-04-12,Sunday,,0,0,0,0,0,0,,0,0,0,0,0,0
2026-04-13,Monday,,1,87,76,11,0,211.2,2.43,376,62,20,51,0,0
2026-04-14,Tuesday,,1,61,57,4,1,178.1,2.92,286,47,16,42,0,0
2026-04-15,Wednesday,,1,79,74,5,0,209.5,2.65,345,55,21,50,0,0
2026-04-16,Thursday,,1,96,79,17,0,187.9,1.96,368,62,22,54,0,0
2026-04-17,Friday,,1,99,69,30,5,182.9,1.85,314,52,13,63,0,0
2026-04-18,Saturday,,0,1,0,1,0,0,0,1,0,0,1,0,0
2026-04-19,Sunday,,0,0,0,0,0,0,,0,0,0,0,0,0
2026-04-20,Monday,,1,99,81,18,1,280.2,2.83,406,58,22,60,0,0
2026-04-21,Tuesday,,1,62,51,11,0,165.3,2.67,245,38,15,40,0,0
2026-04-22,Wednesday,,1,81,70,11,0,223.4,2.76,309,49,24,49,0,0
2026-04-23,Thursday,,1,98,63,35,1,215.1,2.19,338,49,16,61,0,0
2026-04-24,Friday,,1,92,86,6,1,262.2,2.85,363,67,18,53,0,0
2026-04-25,Saturday,,0,0,0,0,0,0,,0,0,0,0,0,0
2026-04-26,Sunday,,0,0,0,0,0,0,,0,0,0,0,0,0
2026-04-27,Monday,,1,93,78,15,1,215,2.31,372,60,11,51,0,1
2026-04-28,Tuesday,,1,80,58,22,1,161.7,2.02,289,42,13,52,0,0
2026-04-29,Wednesday,,1,66,57,9,0,161.9,2.45,250,45,17,40,0,0
2026-04-30,Thursday,,1,88,62,26,0,177.8,2.02,346,44,15,66,0,0
2026-05-01,Friday,,1,73,54,19,0,139.5,1.91,246,38,16,55,0,0
2026-05-02,Saturday,,0,0,0,0,0,0,,0,0,0,0,0,0
2026-05-03,Sunday,,0,0,0,0,0,0,,0,0,0,0,0,0
2026-05-04,Monday,,1,86,74,12,0,242.6,2.82,361,55,16,59,0,0
2026-05-05,Tuesday,,1,95,71,24,2,228.9,2.41,375,55,18,62,0,0
2026-05-06,Wednesday,,1,70,61,9,0,176.4,2.52,298,48,13,49,0,0
2026-05-07,Thursday,,1,72,59,13,0,140.8,1.96,243,41,14,54,0,0
2026-05-08,Friday,,1,68,62,6,0,125.4,1.84,260,43,15,45,0,0
2026-05-09,Saturday,,0,0,0,0,0,0,,0,0,0,0,0,0
2026-05-10,Sunday,,0,0,0,0,0,0,,0,0,0,0,0,0
2026-05-11,Monday,,1,99,82,17,1,228.9,2.31,369,60,18,74,0,0
2026-05-12,Tuesday,,1,71,68,3,0,225.5,3.18,289,48,18,48,0,0
2026-05-13,Wednesday,,1,67,53,14,0,161.1,2.4,264,33,13,57,0,0
2026-05-14,Thursday,,1,78,62,16,0,132.5,1.7,289,46,15,57,0,0
2026-05-15,Friday,,1,70,64,6,0,135.3,1.93,256,39,18,50,0,0
2026-05-16,Saturday,,0,5,0,5,0,0,0,9,0,0,5,0,0
2026-05-17,Sunday,,0,0,0,0,0,0,,0,0,0,0,0,0
2026-05-18,Monday,,1,99,89,10,0,247.8,2.5,391,66,24,64,0,0
2026-05-19,Tuesday,,1,91,73,18,0,262.2,2.88,374,57,25,58,0,0
2026-05-20,Wednesday,,1,73,66,7,0,152.2,2.08,286,42,16,50,0,0
2026-05-21,Thursday,,1,67,49,18,0,122.2,1.82,222,33,15,46,0,0
2026-05-22,Friday,,1,74,56,18,1,146.1,1.97,273,41,15,46,0,0
2026-05-23,Saturday,,0,8,0,8,1,10.9,1.36,7,0,0,7,0,0
2026-05-24,Sunday,,0,0,0,0,0,0,,0,0,0,0,0,0
2026-05-25,Monday,Memorial Day,0,0,0,0,0,0,,0,0,0,0,0,0
2026-05-26,Tuesday,,1,92,81,11,1,244.4,2.66,378,55,25,66,0,0
2026-05-27,Wednesday,,1,90,69,21,2,229.1,2.55,311,55,18,65,0,0
2026-05-28,Thursday,,1,97,79,18,0,190.2,1.96,321,59,17,67,0,0
2026-05-29,Friday,,1,81,70,11,1,171,2.11,291,54,19,46,0,0
2026-05-30,Saturday,,0,0,0,0,0,0,,0,0,0,0,0,0
2026-05-31,Sunday,,0,0,0,0,0,0,,0,0,0,0,0,0
2026-06-01,Monday,,1,107,85,22,0,227.8,2.13,390,52,17,74,0,0
2026-06-02,Tuesday,,1,71,63,8,0,163.6,2.3,250,42,24,47,0,0
2026-06-03,Wednesday,,1,78,63,15,1,197.4,2.53,310,51,20,47,0,0
2026-06-04,Thursday,,1,70,50,20,0,96.7,1.38,203,33,15,51,0,0
2026-06-05,Friday,,1,59,59,0,0,157,2.66,223,40,10,40,0,0
2026-06-06,Saturday,,0,0,0,0,0,0,,0,0,0,0,0,0
2026-06-07,Sunday,,0,0,0,0,0,0,,0,0,0,0,0,0
2026-06-08,Monday,,1,100,85,15,1,267,2.67,372,57,22,66,0,0
2026-06-09,Tuesday,,1,73,59,14,0,128.7,1.76,260,42,14,50,0,0
2026-06-10,Wednesday,,1,81,57,24,0,155.4,1.92,265,43,18,58,0,0
2026-06-11,Thursday,,1,75,56,19,1,148.3,1.98,221,42,13,46,0,0
2026-06-12,Friday,,1,84,66,18,0,143,1.7,260,50,18,48,0,0
2026-06-13,Saturday,,0,0,0,0,0,0,,0,0,0,0,0,0
2026-06-14,Sunday,,0,0,0,0,0,0,,0,0,0,0,0,0
2026-06-15,Monday,,1,82,63,19,0,238.2,2.9,298,36,23,59,0,0
2026-06-16,Tuesday,,1,58,46,12,0,156,2.69,236,42,14,29,0,0
2026-06-17,Wednesday,,1,62,54,8,1,139.3,2.25,215,35,20,37,0,0
2026-06-18,Thursday,,1,71,56,15,0,151.9,2.14,266,43,14,44,0,0
2026-06-19,Friday,,1,74,60,14,0,135.4,1.83,252,39,12,54,0,0
2026-06-20,Saturday,,0,1,0,1,0,0,0,1,0,0,1,0,0
2026-06-21,Sunday,,0,0,0,0,0,0,,0,0,0,0,0,0
2026-06-22,Monday,,1,78,57,21,0,177.5,2.28,287,35,13,58,0,0
2026-06-23,Tuesday,,1,56,51,5,1,122.3,2.18,206,38,13,29,0,0
2026-06-24,Wednesday,,1,58,52,6,0,141,2.43,222,39,12,35,0,0
2026-06-25,Thursday,,1,89,58,31,0,173.9,1.95,341,40,14,65,0,0
2026-06-26,Friday,,1,57,53,4,0,131.5,2.31,231,39,15,35,0,0
2026-06-27,Saturday,,0,0,0,0,0,0,,0,0,0,0,0,0
2026-06-28,Sunday,,0,0,0,0,0,0,,0,0,0,0,0,0
2026-06-29,Monday,,1,88,75,13,0,215.6,2.45,372,53,19,54,0,0
2026-06-30,Tuesday,,1,55,45,10,0,143.8,2.61,233,38,12,34,0,0
2026-07-01,Wednesday,,1,58,49,9,0,141.3,2.44,232,38,6,34,0,0
2026-07-02,Thursday,,1,62,56,6,0,129,2.08,240,40,20,30,0,0
2026-07-03,Friday,,1,66,44,22,3,73.3,1.11,185,30,9,46,0,0
2026-07-04,Saturday,Independence Day,0,0,0,0,0,0,,0,0,0,0,0,0
2026-07-05,Sunday,,0,0,0,0,0,0,,0,0,0,0,0,0
2026-07-06,Monday,,1,72,60,12,0,135.1,1.88,265,39,14,49,0,0
2026-07-07,Tuesday,,1,82,72,10,0,165.2,2.01,314,54,15,41,0,0
2026-07-08,Wednesday,,1,63,56,7,0,181.8,2.89,257,45,14,34,0,0
2026-07-09,Thursday,,1,61,48,13,2,166.6,2.73,237,38,9,33,0,0
2026-07-10,Friday,,1,74,59,15,0,159.9,2.16,248,46,14,42,0,0
2026-07-11,Saturday,,0,0,0,0,0,0,,0,0,0,0,0,0
2026-07-12,Sunday,,0,0,0,0,0,0,,0,0,0,0,0,0
2026-07-13,Monday,,1,97,69,28,0,282.4,2.91,347,51,18,69,0,0
2026-07-14,Tuesday,,1,69,60,9,0,129.2,1.87,254,33,20,51,0,0
2026-07-15,Wednesday,,1,58,47,11,0,91.1,1.57,214,31,13,39,0,0
2026-07-16,Thursday,,1,80,60,20,0,129.3,1.62,252,32,19,57,0,0
2026-07-17,Friday,,1,75,65,10,0,150.5,2.01,277,47,12,41,0,0
2026-07-18,Saturday,,0,0,0,0,0,0,,0,0,0,0,0,0
2026-07-19,Sunday,,0,0,0,0,0,0,,0,0,0,0,0,0
2026-07-20,Monday,,1,85,69,16,1,237.1,2.79,350,52,12,52,0,0
2026-07-21,Tuesday,,1,71,56,15,0,162.8,2.29,258,35,12,51,0,0
2026-07-22,Wednesday,,1,59,50,9,0,159.1,2.7,214,34,13,40,0,0
2026-07-23,Thursday,,1,91,56,35,1,174.4,1.92,276,46,12,66,0,0
2026-07-24,Friday,,1,72,67,5,0,266.2,3.7,258,46,24,51,0,0
2026-07-25,Saturday,,0,0,0,0,0,0,,0,0,0,0,0,0
2026-07-26,Sunday,,0,0,0,0,0,0,,0,0,0,0,0,0
2026-07-27,Monday,,1,83,71,12,1,214.6,2.59,359,47,22,59,0,0
2026-07-28,Tuesday,,1,79,60,19,0,132.1,1.67,269,47,14,51,0,0
2026-07-29,Wednesday,,1,62,45,17,0,120.9,1.95,231,32,13,48,0,0
2026-07-30,Thursday,,1,68,62,6,0,112.1,1.65,221,40,14,46,0,0
2026-07-31,Friday,,1,82,62,20,0,225.6,2.75,318,49,8,60,0,0
2026-08-01,Saturday,,0,0,0,0,0,0,,0,0,0,0,0,0
2026-08-02,Sunday,,0,0,0,0,0,0,,0,0,0,0,0,0
2026-08-03,Monday,,1,72,61,11,1,176.9,2.46,291,47,9,48,0,0
2026-08-04,Tuesday,,1,71,60,11,0,149.7,2.11,278,41,11,49,0,0
2026-08-05,Wednesday,,1,57,48,9,0,127.7,2.24,216,38,7,36,0,0
2026-08-06,Thursday,,1,58,46,12,1,174.3,3.01,230,41,12,38,0,0
2026-08-07,Friday,,1,81,53,28,0,116.1,1.43,240,38,12,61,0,0
2026-08-08,Saturday,,0,0,0,0,0,0,,0,0,0,0,0,0
2026-08-09,Sunday,,0,0,0,0,0,0,,0,0,0,0,0,0
2026-08-10,Monday,,1,82,69,13,0,211.4,2.58,317,50,17,56,0,0
2026-08-11,Tuesday,,1,66,55,11,0,183.4,2.78,303,36,14,47,0,0
2026-08-12,Wednesday,,1,86,68,18,1,242,2.81,337,52,14,57,0,0
2026-08-13,Thursday,,1,63,56,7,0,145.5,2.31,247,33,10,44,0,0
2026-08-14,Friday,,1,85,60,25,0,138.5,1.63,274,42,14,63,0,0
2026-08-15,Saturday,,0,5,0,5,0,7.9,1.58,5,0,0,5,0,0
2026-08-16,Sunday,,0,0,0,0,0,0,,0,0,0,0,0,0
2026-08-17,Monday,,1,75,65,10,1,180.2,2.4,294,53,17,46,0,0
2026-08-18,Tuesday,,1,73,61,12,0,200.4,2.75,323,50,11,48,0,0
2026-08-19,Wednesday,,1,60,55,5,0,159.5,2.66,239,43,10,33,0,0
2026-08-20,Thursday,,1,64,43,21,0,118.7,1.85,200,33,8,44,0,0
2026-08-21,Friday,,1,54,50,4,0,121.2,2.24,202,35,14,34,0,0
2026-08-22,Saturday,,0,0,0,0,0,0,,0,0,0,0,0,0
2026-08-23,Sunday,,0,0,0,0,0,0,,0,0,0,0,0,0
2026-08-24,Monday,,1,71,55,16,0,211.7,2.98,300,42,18,53,0,0
2026-08-25,Tuesday,,1,52,47,5,0,125.3,2.41,204,37,10,36,0,0
2026-08-26,Wednesday,,1,77,61,16,1,165.7,2.15,274,44,11,54,0,0
2026-08-27,Thursday,,1,69,52,17,0,198.2,2.87,267,36,10,49,0,0
2026-08-28,Friday,,1,77,66,11,0,153.9,2,265,45,20,49,0,0
2026-08-29,Saturday,,0,1,0,1,0,0,0,1,0,0,1,0,0
2026-08-30,Sunday,,0,0,0,0,0,0,,0,0,0,0,0,0
2026-08-31,Monday,,1,112,80,32,5,245.9,2.2,398,63,18,69,0,0
2026-09-01,Tuesday,,1,70,48,22,0,173.9,2.48,266,42,11,44,0,0
2026-09-02,Wednesday,,1,70,61,9,0,161,2.3,274,47,16,53,0,0
2026-09-03,Thursday,,1,48,47,1,0,108.9,2.27,172,33,13,31,0,0
2026-09-04,Friday,,1,89,73,16,1,151.7,1.7,309,54,11,65,0,0
2026-09-05,Saturday,,0,0,0,0,0,0,,0,0,0,0,0,0
2026-09-06,Sunday,,0,0,0,0,0,0,,0,0,0,0,0,0
2026-09-07,Monday,Labor Day,0,0,0,0,0,0,,0,0,0,0,0,0
2026-09-08,Tuesday,,1,87,68,19,1,193.2,2.22,310,45,17,54,0,0
2026-09-09,Wednesday,,1,78,69,9,1,225.8,2.89,257,49,14,50,0,0
2026-09-10,Thursday,,1,66,62,4,2,121.5,1.84,249,51,12,39,0,0
2026-09-11,Friday,,1,75,57,18,2,86.1,1.15,213,43,8,50,0,0
2026-09-12,Saturday,,0,0,0,0,0,0,,0,0,0,0,0,0
2026-09-13,Sunday,,0,0,0,0,0,0,,0,0,0,0,0,0
2026-09-14,Monday,,1,93,71,22,2,225.8,2.43,367,48,24,64,0,0
2026-09-15,Tuesday,,1,64,60,4,0,165.9,2.59,251,43,9,43,0,0
2026-09-16,Wednesday,,1,72,62,10,1,126.9,1.76,238,47,15,46,0,0
2026-09-17,Thursday,,1,56,47,9,0,121.6,2.17,195,39,10,34,0,0
2026-09-18,Friday,,1,55,50,5,0,123.1,2.24,196,36,12,34,0,0
2026-09-19,Saturday,,0,1,0,1,0,0,0,1,0,0,1,0,0
2026-09-20,Sunday,,0,0,0,0,0,0,,0,0,0,0,0,0
2026-09-21,Monday,,1,96,81,15,0,289.3,3.01,416,66,15,61,0,0
2026-09-22,Tuesday,,1,72,61,11,0,207,2.88,270,47,16,43,0,0
2026-09-23,Wednesday,,1,67,49,18,1,139.1,2.08,184,35,13,45,0,0
2026-09-24,Thursday,,1,69,44,25,0,131.5,1.91,236,34,12,48,0,0
2026-09-25,Friday,,1,53,49,4,0,83,1.57,178,36,9,36,0,0
2026-09-26,Saturday,,0,0,0,0,0,0,,0,0,0,0,0,0
2026-09-27,Sunday,,0,0,0,0,0,0,,0,0,0,0,0,0
2026-09-28,Monday,,1,91,69,22,0,135.8,1.49,271,49,13,61,0,0
2026-09-29,Tuesday,,1,74,56,18,0,130.4,1.76,260,44,14,53,0,0
2026-09-30,Wednesday,,1,57,57,0,0,60.4,1.06,175,47,9,38,0,0