ro_key,created_at,created_date,created_hour,weekday,status,ro_type,has_appointment,appointment_at,promise_at,closed_at,days_open,service_mode,department,advisor,tech_count,job_count,non_voided_job_count,billed_hours,scheduled_hours,has_oil_change,warranty_claim_count,customer_pay,internal_pay,warranty_pay,is_comeback,source,external_source
RO-000001,2024-01-02 07:04:43,2024-01-02,7,Tuesday,CLOSED,APPOINTMENT,1,2024-03-18 07:00:00,2024-01-02 07:20:00,2024-01-02 09:16:42,0,REGULAR,Dept A,Advisor 01,1,3,3,3.5,0,0,0,1,0,0,0,INTERNAL,TEKION_DSE
RO-000002,2024-01-02 07:05:11,2024-01-02,7,Tuesday,CLOSED,WALK_IN,1,2024-01-02 07:03:19,2024-01-02 09:00:00,2024-01-04 13:58:19,2,REGULAR,Dept A,Advisor 02,1,2,1,0,0,0,0,0,1,0,0,INTERNAL,TEKION_DSE
RO-000003,2024-01-02 07:06:04,2024-01-02,7,Tuesday,CLOSED,APPOINTMENT,1,2024-01-02 07:30:00,2024-01-02 17:00:00,2024-01-03 07:27:32,1,REGULAR,Dept A,Advisor 03,1,5,5,2.2,0,0,0,1,0,0,0,INTERNAL,TEKION_DSE
RO-000004,2024-01-02 07:10:29,2024-01-02,7,Tuesday,CLOSED,WALK_IN,1,2024-01-02 07:09:47,2024-01-02 17:00:00,2024-01-02 15:12:06,0,REGULAR,Dept A,Advisor 04,1,3,3,0.8,0,0,0,0,1,1,0,INTERNAL,TEKION_DSE
RO-000005,2024-01-02 07:13:50,2024-01-02,7,Tuesday,CLOSED,APPOINTMENT,1,2024-01-02 07:30:00,2024-01-02 09:00:00,2024-01-03 13:11:03,1,REGULAR,Dept A,Advisor 01,1,3,3,19.3,0,0,0,1,0,1,0,INTERNAL,TEKION_DSE
RO-000006,2024-01-02 07:14:09,2024-01-02,7,Tuesday,CLOSED,APPOINTMENT,1,2024-01-02 07:00:00,2024-01-02 17:00:00,2024-01-02 15:06:05,0,REGULAR,Dept A,Advisor 02,3,5,5,4.4,0,0,0,1,0,1,0,INTERNAL,TEKION_DSE
RO-000007,2024-01-02 07:17:54,2024-01-02,7,Tuesday,CLOSED,APPOINTMENT,1,2024-01-02 07:00:00,2024-01-02 17:00:00,2024-01-05 17:14:02,3,REGULAR,Dept A,Advisor 03,1,2,2,0.2,0,0,0,1,0,0,0,INTERNAL,TEKION_DSE
RO-000008,2024-01-02 07:19:19,2024-01-02,7,Tuesday,CLOSED,APPOINTMENT,1,2024-01-02 07:30:00,2024-01-02 17:00:00,2024-01-02 08:19:01,0,REGULAR,Dept A,Advisor 02,1,3,3,0.7,0,0,0,1,0,0,0,INTERNAL,TEKION_DSE
RO-000009,2024-01-02 07:24:39,2024-01-02,7,Tuesday,CLOSED,APPOINTMENT,1,2024-01-02 07:30:00,2024-01-02 17:00:00,2024-01-02 08:26:36,0,REGULAR,Dept A,Advisor 04,1,2,2,0.7,0,0,0,1,0,0,0,INTERNAL,TEKION_DSE
RO-000010,2024-01-02 07:34:21,2024-01-02,7,Tuesday,CLOSED,APPOINTMENT,1,2024-01-02 07:30:00,2024-01-02 10:00:00,2024-01-02 14:00:21,0,REGULAR,Dept A,Advisor 01,1,3,3,0.3,0,0,0,1,0,0,0,INTERNAL,TEKION_DSE
RO-000011,2024-01-02 07:36:47,2024-01-02,7,Tuesday,CLOSED,APPOINTMENT,1,2024-01-02 07:00:00,2024-01-02 17:00:00,2024-01-04 16:59:52,2,REGULAR,Dept A,Advisor 03,2,8,8,2.9,0,0,0,1,0,0,0,INTERNAL,TEKION_DSE
RO-000012,2024-01-02 07:45:14,2024-01-02,7,Tuesday,CLOSED,WALK_IN,1,2024-01-02 07:42:19,2024-01-02 17:00:00,2024-02-29 09:55:13,58,REGULAR,Dept A,Advisor 03,2,7,7,12.8,0,0,0,1,0,0,0,INTERNAL,TEKION_DSE
RO-000013,2024-01-02 07:58:50,2024-01-02,7,Tuesday,CLOSED,APPOINTMENT,1,2024-01-02 08:00:00,2024-01-02 17:00:00,2024-01-04 07:04:29,2,REGULAR,Dept A,Advisor 02,2,8,8,2.4,0,0,0,1,0,1,0,INTERNAL,TEKION_DSE
RO-000014,2024-01-02 08:01:47,2024-01-02,8,Tuesday,CLOSED,WALK_IN,1,2024-01-02 08:00:45,2024-01-02 17:00:00,2024-02-05 07:43:52,34,REGULAR,Dept A,Advisor 03,0,2,1,0,0,0,0,0,1,0,0,INTERNAL,TEKION_DSE
RO-000015,2024-01-02 08:07:39,2024-01-02,8,Tuesday,CLOSED,APPOINTMENT,1,2024-01-02 07:00:00,2024-01-02 17:00:00,2024-01-12 12:11:57,10,REGULAR,Dept A,Advisor 03,3,7,7,2.8,0,0,0,0,1,1,0,INTERNAL,TEKION_DSE
RO-000016,2024-01-02 08:08:15,2024-01-02,8,Tuesday,CLOSED,APPOINTMENT,1,2024-01-02 08:00:00,2024-01-02 17:00:00,2024-01-08 10:36:50,6,REGULAR,Dept A,Advisor 04,1,5,5,3,0,0,0,1,1,1,0,INTERNAL,TEKION_DSE
RO-000017,2024-01-02 08:14:06,2024-01-02,8,Tuesday,CLOSED,APPOINTMENT,1,2024-01-02 08:00:00,2024-01-02 17:00:00,2024-01-02 13:01:45,0,REGULAR,Dept A,Advisor 03,1,4,4,3.3,0,0,0,1,0,0,0,INTERNAL,TEKION_DSE
RO-000018,2024-01-02 08:14:53,2024-01-02,8,Tuesday,CLOSED,WALK_IN,1,2024-01-02 08:10:18,2024-01-02 09:00:00,2024-01-02 15:50:35,0,REGULAR,Dept A,Advisor 02,1,4,4,3.5,0,0,0,1,0,0,0,INTERNAL,TEKION_DSE
RO-000019,2024-01-02 08:21:51,2024-01-02,8,Tuesday,CLOSED,APPOINTMENT,1,2024-01-02 08:00:00,2024-01-02 17:00:00,2024-01-02 17:42:36,0,REGULAR,Dept A,Advisor 02,1,4,4,0.3,0,0,0,1,1,0,0,INTERNAL,TEKION_DSE
RO-000020,2024-01-02 08:22:59,2024-01-02,8,Tuesday,CLOSED,APPOINTMENT,1,2024-01-02 08:30:00,2024-01-02 09:00:00,2024-01-02 14:58:46,0,REGULAR,Dept A,Advisor 02,1,8,7,9.5,0,0,0,1,0,1,0,INTERNAL,TEKION_DSE
RO-000021,2024-01-02 08:27:24,2024-01-02,8,Tuesday,CLOSED,APPOINTMENT,1,2024-01-02 08:30:00,2024-01-02 17:00:00,2024-01-02 14:57:17,0,REGULAR,Dept A,Advisor 02,2,5,5,3.1,0,0,0,1,0,1,0,INTERNAL,TEKION_DSE
RO-000022,2024-01-02 08:31:17,2024-01-02,8,Tuesday,CLOSED,APPOINTMENT,1,2024-01-02 08:00:00,2024-01-02 17:00:00,2024-01-03 10:44:23,1,REGULAR,Dept A,Advisor 04,1,3,2,0,0,0,0,1,0,0,0,INTERNAL,TEKION_DSE
RO-000023,2024-01-02 08:32:24,2024-01-02,8,Tuesday,CLOSED,APPOINTMENT,1,2024-01-02 07:00:00,2024-01-02 17:00:00,2024-01-29 16:43:51,27,REGULAR,Dept A,Advisor 03,1,3,3,0.7,0,0,0,1,0,0,0,INTERNAL,TEKION_DSE
RO-000024,2024-01-02 08:36:30,2024-01-02,8,Tuesday,CLOSED,APPOINTMENT,1,2024-01-02 07:30:00,2024-01-02 17:00:00,2024-01-09 13:18:46,7,REGULAR,Dept A,Advisor 03,1,3,3,0,0,0,0,1,1,0,0,INTERNAL,TEKION_DSE
RO-000025,2024-01-02 08:49:53,2024-01-02,8,Tuesday,CLOSED,APPOINTMENT,1,2024-01-03 11:30:00,2024-01-02 17:00:00,2024-01-04 12:21:07,2,REGULAR,Dept A,Advisor 03,1,2,2,0.7,0,0,0,1,0,0,0,INTERNAL,TEKION_DSE
RO-000026,2024-01-02 08:53:22,2024-01-02,8,Tuesday,CLOSED,APPOINTMENT,1,2024-01-02 09:00:00,2024-01-02 09:30:00,2024-01-02 15:04:02,0,REGULAR,Dept A,Advisor 01,1,4,4,1.2,0,0,0,1,1,1,0,INTERNAL,TEKION_DSE
RO-000027,2024-01-02 08:54:56,2024-01-02,8,Tuesday,CLOSED,QUICK,0,,2024-01-02 08:54:56,2024-01-02 15:06:09,0,REGULAR,Dept A,Advisor 05,1,7,7,2.6,0,0,0,0,1,0,0,INTERNAL,TEKION_DMS
RO-000028,2024-01-02 08:57:00,2024-01-02,8,Tuesday,CLOSED,QUICK,0,,2024-01-02 08:57:01,2024-01-02 13:44:06,0,REGULAR,Dept A,Advisor 05,1,5,5,1.3,0,0,0,0,1,0,0,INTERNAL,TEKION_DMS
RO-000029,2024-01-02 09:28:13,2024-01-02,9,Tuesday,CLOSED,APPOINTMENT,1,2024-01-02 09:30:00,2024-01-02 17:00:00,2024-01-02 10:56:02,0,REGULAR,Dept A,Advisor 04,1,2,2,1,0,0,0,1,0,0,0,INTERNAL,TEKION_DSE
RO-000030,2024-01-02 09:34:22,2024-01-02,9,Tuesday,CLOSED,APPOINTMENT,1,2024-01-02 09:30:00,2024-01-02 10:00:00,2024-01-02 15:05:27,0,REGULAR,Dept A,Advisor 01,1,5,5,2.7,0,0,0,1,0,0,0,INTERNAL,TEKION_DSE
RO-000031,2024-01-02 09:38:15,2024-01-02,9,Tuesday,CLOSED,APPOINTMENT,1,2024-01-02 09:00:00,2024-01-02 17:00:00,2024-01-05 08:46:40,3,REGULAR,Dept A,Advisor 02,2,5,5,10.9,0,0,0,0,1,1,0,INTERNAL,TEKION_DSE
RO-000032,2024-01-02 09:56:18,2024-01-02,9,Tuesday,CLOSED,APPOINTMENT,1,2024-01-02 10:00:00,2024-01-02 17:00:00,2024-01-04 07:06:28,2,REGULAR,Dept B,Advisor 06,2,7,7,7.3,0,0,0,1,0,1,0,INTERNAL,TEKION_DSE
RO-000033,2024-01-02 10:15:08,2024-01-02,10,Tuesday,CLOSED,APPOINTMENT,1,2024-01-02 10:00:00,2024-01-02 10:20:00,2024-01-04 08:17:40,2,REGULAR,Dept A,Advisor 01,1,7,6,1.9,0,0,0,1,0,0,0,INTERNAL,TEKION_DSE
RO-000034,2024-01-02 10:27:48,2024-01-02,10,Tuesday,CLOSED,APPOINTMENT,1,2024-01-02 10:30:00,2024-01-02 17:00:00,2024-02-08 09:01:04,37,REGULAR,Dept A,Advisor 02,1,2,2,5.6,0,0,0,0,1,1,0,INTERNAL,TEKION_DSE
RO-000035,2024-01-02 10:32:05,2024-01-02,10,Tuesday,CLOSED,APPOINTMENT,1,2024-01-02 10:30:00,2024-01-02 17:00:00,2024-01-02 14:53:20,0,REGULAR,Dept B,Advisor 06,1,4,4,5,0,0,0,1,0,1,0,INTERNAL,TEKION_DSE
RO-000036,2024-01-02 10:43:32,2024-01-02,10,Tuesday,CLOSED,APPOINTMENT,1,2024-01-02 10:30:00,2024-01-12 13:42:16,2024-02-15 14:45:22,44,REGULAR,Dept A,Advisor 03,2,9,9,2.1,0,0,0,1,0,0,0,INTERNAL,TEKION_DSE
RO-000037,2024-01-02 11:07:56,2024-01-02,11,Tuesday,CLOSED,APPOINTMENT,1,2024-01-02 11:00:00,2024-01-02 17:00:00,2024-01-08 07:54:39,6,REGULAR,Dept A,Advisor 03,1,2,2,0,0,0,0,0,1,0,0,INTERNAL,TEKION_DSE
RO-000038,2024-01-02 11:09:07,2024-01-02,11,Tuesday,CLOSED,WALK_IN,1,2024-01-02 11:05:33,2024-01-02 17:00:00,2024-01-15 14:45:35,13,REGULAR,Dept B,Advisor 06,1,3,3,3.5,0,0,0,1,1,1,0,INTERNAL,TEKION_DSE
RO-000039,2024-01-02 11:21:38,2024-01-02,11,Tuesday,CLOSED,WALK_IN,1,2024-01-02 11:19:17,2024-01-02 17:00:00,2024-01-02 15:18:49,0,REGULAR,Dept A,Advisor 02,1,5,5,3.6,0,0,0,1,0,0,0,INTERNAL,TEKION_DSE
RO-000040,2024-01-02 11:28:15,2024-01-02,11,Tuesday,CLOSED,APPOINTMENT,1,2024-01-02 11:30:00,2024-01-02 17:00:00,2024-01-02 17:42:15,0,REGULAR,Dept B,Advisor 06,1,2,2,0.4,0,0,0,1,0,0,0,INTERNAL,TEKION_DSE
RO-000041,2024-01-02 11:32:15,2024-01-02,11,Tuesday,CLOSED,APPOINTMENT,1,2024-01-02 11:30:00,2024-01-02 17:00:00,2024-01-02 14:24:33,0,REGULAR,Dept B,Advisor 06,2,3,3,1.1,0,0,0,1,0,1,0,INTERNAL,TEKION_DSE
RO-000042,2024-01-02 11:40:59,2024-01-02,11,Tuesday,CLOSED,APPOINTMENT,1,2024-01-02 12:00:00,2024-01-02 17:00:00,2024-01-02 16:06:41,0,REGULAR,Dept A,Advisor 02,1,4,4,1.8,0,0,0,1,0,0,0,INTERNAL,TEKION_DSE
RO-000043,2024-01-02 11:52:41,2024-01-02,11,Tuesday,CLOSED,APPOINTMENT,1,2024-01-02 12:00:00,2024-01-02 17:00:00,2024-01-03 11:57:04,1,REGULAR,Dept B,Advisor 06,1,5,5,1.5,0,0,0,1,0,0,0,INTERNAL,TEKION_DSE
RO-000044,2024-01-02 12:12:53,2024-01-02,12,Tuesday,CLOSED,APPOINTMENT,1,2024-01-02 12:00:00,2024-01-02 12:30:00,2024-01-02 14:22:31,0,REGULAR,Dept A,Advisor 01,3,5,5,1.1,0,0,0,1,1,1,0,INTERNAL,TEKION_DSE
RO-000045,2024-01-02 12:15:54,2024-01-02,12,Tuesday,CLOSED,APPOINTMENT,1,2024-01-02 12:00:00,2024-01-02 17:00:00,2024-01-02 14:19:44,0,REGULAR,Dept A,Advisor 03,1,3,3,0.8,0,0,0,1,0,1,0,INTERNAL,TEKION_DSE
RO-000046,2024-01-02 12:15:54,2024-01-02,12,Tuesday,CLOSED,APPOINTMENT,1,2024-01-02 12:30:00,2024-01-02 17:00:00,2024-01-02 14:18:28,0,REGULAR,Dept A,Advisor 04,1,2,2,1.1,0,0,0,0,1,1,0,INTERNAL,TEKION_DSE
RO-000047,2024-01-02 12:32:11,2024-01-02,12,Tuesday,CLOSED,WALK_IN,1,2024-01-02 12:21:28,2024-01-02 17:00:00,2024-01-04 07:12:11,2,REGULAR,Dept A,Advisor 04,1,3,3,1,0,0,0,0,1,1,0,INTERNAL,TEKION_DSE
RO-000048,2024-01-02 12:37:22,2024-01-02,12,Tuesday,CLOSED,WALK_IN,1,2024-01-02 12:34:59,2024-01-02 12:40:00,2024-01-03 11:13:37,1,REGULAR,Dept A,Advisor 01,1,3,3,5.2,0,0,0,1,0,0,0,INTERNAL,TEKION_DSE
RO-000049,2024-01-02 12:39:00,2024-01-02,12,Tuesday,CLOSED,APPOINTMENT,1,2024-01-02 12:00:00,2024-01-02 17:00:00,2024-01-02 16:00:14,0,REGULAR,Dept A,Advisor 02,1,1,1,0,0,0,0,1,0,0,0,INTERNAL,TEKION_DSE
RO-000050,2024-01-02 12:43:05,2024-01-02,12,Tuesday,CLOSED,WALK_IN,1,2024-01-02 12:22:31,2024-01-02 17:00:00,2024-01-04 05:39:22,2,REGULAR,Dept B,Advisor 06,1,6,6,9,0,0,0,1,0,0,0,INTERNAL,TEKION_DSE
RO-006051,2024-04-23 15:11:12,2024-04-23,15,Tuesday,CLOSED,WALK_IN,1,2024-04-23 15:06:37,2024-04-23 17:00:00,2024-04-24 13:14:53,1,REGULAR,Dept A,Advisor 06,1,2,2,1,0,0,0,1,0,0,0,INTERNAL,TEKION_DSE
