month,open_days,ros_opened,appointment_ros,walk_in_ros,billed_hours,customer_pay_ros,warranty_ros,internal_ros,ros_per_open_day
2024-01,22,1762,1487,275,4358.7,1071,474,951,80.1
2024-02,21,1376,1143,233,3528.7,851,375,793,65.5
2024-03,21,1462,1242,220,3868.6,951,388,818,69.6
2024-04,22,1877,1640,237,4915.4,1306,644,963,85.3
2024-05,22,1754,1491,263,4261.1,1210,505,864,79.7
2024-06,20,1713,1413,300,4644.3,1131,553,801,85.6
2024-07,22,1856,1539,317,4804.3,1235,483,903,84.4
2024-08,22,1767,1469,298,4547.8,1169,461,825,80.3
2024-09,20,1527,1347,180,4032.8,1089,387,686,76.4
2024-10,23,1739,1505,234,4569.7,1271,413,805,75.6
2024-11,20,1612,1400,212,4240.4,1157,355,786,80.6
2024-12,20,1645,1419,226,3681.1,1102,375,836,82.2
2025-01,22,1612,1402,210,3914.8,1020,432,943,73.3
2025-02,20,1533,1330,203,3554.1,988,442,915,76.6
2025-03,21,1674,1430,244,3669.4,1043,453,1088,79.7
2025-04,22,1767,1485,282,4080.2,1084,474,1211,80.3
2025-05,21,1808,1543,265,4087.6,1272,436,1016,86.1
2025-06,21,1697,1414,283,3802.4,1155,483,931,80.8
2025-07,22,1831,1553,278,4030.5,1328,590,971,83.2
2025-08,21,1674,1364,310,3773.8,1158,454,879,79.7
2025-09,21,1631,1322,309,3917,1107,399,881,77.7
2025-10,23,1751,1441,310,3803.6,1131,426,964,76.1
2025-11,19,1601,1335,266,3623.6,1090,423,877,84.3
2025-12,21,1542,1347,195,3586.8,1077,383,901,73.4
2026-01,21,1526,1310,216,3537.5,1054,382,956,72.7
2026-02,20,1326,1090,236,2890.1,823,346,841,66.3
2026-03,22,1531,1246,285,3435.9,825,379,1076,69.6
2026-04,22,1755,1433,322,4151,1069,393,1097,79.8
2026-05,20,1626,1342,284,3713,968,348,1130,81.3
2026-06,22,1627,1313,314,3611.3,929,352,1061,74
2026-07,23,1669,1343,326,3739.6,952,327,1090,72.6
2026-08,21,1511,1211,300,3554.1,899,267,1020,72
2026-09,21,1503,1241,262,3161.9,935,273,993,71.6